quantity,creator_id,created_at,updated_at,deleted_at,manufacture_product_id,manufacture_dept_id,task_id,order_id
107.000000,400,2022-11-05 13:18:07+00:00,2022-11-05 13:18:07+00:00,,433,3,125,1933
115.000000,400,2022-11-05 13:18:07+00:00,2022-11-05 13:18:07+00:00,,434,3,125,1933
114.000000,400,2022-11-05 13:18:07+00:00,2022-11-05 13:18:07+00:00,,435,3,125,1933
114.000000,400,2022-11-05 13:18:07+00:00,2022-11-05 13:18:07+00:00,,436,3,125,1933
114.000000,400,2022-11-05 13:29:09+00:00,2022-11-05 13:29:09+00:00,,423,3,118,2021
112.000000,400,2022-11-05 13:29:09+00:00,2022-11-05 13:29:09+00:00,,424,3,118,2021
117.000000,400,2022-11-05 13:36:03+00:00,2022-11-05 13:36:03+00:00,,431,3,123,2069
100.000000,400,2022-11-07 08:43:57+00:00,2022-11-07 08:43:57+00:00,,352,3,97,2112
101.000000,400,2022-11-07 10:41:13+00:00,2022-11-07 10:41:13+00:00,,438,3,127,2035
201.000000,400,2022-11-07 10:45:13+00:00,2022-11-07 10:45:13+00:00,,427,3,121,1961
107.000000,400,2022-11-07 10:56:08+00:00,2022-11-07 10:56:08+00:00,,433,3,125,1933
101.000000,400,2022-11-08 07:55:33+00:00,2022-11-08 07:55:33+00:00,,17,3,3,2126
101.000000,400,2022-11-08 07:56:20+00:00,2022-11-08 07:56:20+00:00,,18,3,3,2126
101.000000,400,2022-11-08 07:58:05+00:00,2022-11-08 07:58:05+00:00,,19,3,3,2126
1.000000,400,2022-11-08 08:07:21+00:00,2022-11-08 08:07:21+00:00,,17,3,3,2126
1.000000,400,2022-11-08 08:07:21+00:00,2022-11-08 08:07:21+00:00,,18,3,3,2126
1.000000,400,2022-11-08 08:07:21+00:00,2022-11-08 08:07:21+00:00,,19,3,3,2126
67.000000,400,2022-11-08 08:07:21+00:00,2022-11-08 08:07:21+00:00,,20,3,3,2126
150.000000,400,2022-11-08 08:07:21+00:00,2022-11-08 08:07:21+00:00,,21,3,3,2126
101.000000,400,2022-11-08 08:07:21+00:00,2022-11-08 08:07:21+00:00,,22,3,3,2126
67.000000,400,2022-11-08 08:07:21+00:00,2022-11-08 08:07:21+00:00,,23,3,3,2126
101.000000,400,2022-11-08 08:07:21+00:00,2022-11-08 08:07:21+00:00,,24,3,3,2126
101.000000,400,2022-11-08 08:13:49+00:00,2022-11-08 08:13:49+00:00,,29,3,5,2126
1.000000,400,2022-11-08 08:14:54+00:00,2022-11-08 08:14:54+00:00,,22,3,3,2126
1.000000,400,2022-11-08 08:15:40+00:00,2022-11-08 08:15:40+00:00,,24,3,3,2126
201.000000,400,2022-11-08 08:22:24+00:00,2022-11-08 08:22:24+00:00,,428,3,121,1961
201.000000,400,2022-11-08 08:22:24+00:00,2022-11-08 08:22:24+00:00,,429,3,121,1961
104.000000,400,2022-11-08 09:10:49+00:00,2022-11-08 09:10:49+00:00,,502,3,148,2072
120.000000,400,2022-11-08 09:10:49+00:00,2022-11-08 09:10:49+00:00,,503,3,148,2072
110.000000,400,2022-11-08 09:38:11+00:00,2022-11-08 09:38:11+00:00,,353,3,98,2112
119.000000,400,2022-11-08 09:38:11+00:00,2022-11-08 09:38:11+00:00,,354,3,98,2112
102.000000,400,2022-11-08 09:43:07+00:00,2022-11-08 09:43:07+00:00,,274,3,66,2124
102.000000,400,2022-11-08 09:43:07+00:00,2022-11-08 09:43:07+00:00,,275,3,66,2124
67.000000,400,2022-11-08 09:43:07+00:00,2022-11-08 09:43:07+00:00,,276,3,66,2124
151.000000,400,2022-11-08 09:43:07+00:00,2022-11-08 09:43:07+00:00,,277,3,66,2124
102.000000,400,2022-11-08 09:43:07+00:00,2022-11-08 09:43:07+00:00,,278,3,66,2124
67.000000,400,2022-11-08 09:43:07+00:00,2022-11-08 09:43:07+00:00,,279,3,66,2124
101.000000,400,2022-11-08 09:48:48+00:00,2022-11-08 09:48:48+00:00,,438,3,127,2035
60.000000,400,2022-11-08 10:21:55+00:00,2022-11-08 10:21:55+00:00,,577,3,174,2140
60.000000,400,2022-11-08 10:21:55+00:00,2022-11-08 10:21:55+00:00,,578,3,174,2140
33.000000,400,2022-11-08 10:21:55+00:00,2022-11-08 10:21:55+00:00,,582,3,174,2140
65.000000,400,2022-11-08 10:23:41+00:00,2022-11-08 10:23:41+00:00,,604,3,178,2139
65.000000,400,2022-11-08 10:23:42+00:00,2022-11-08 10:23:42+00:00,,605,3,178,2139
33.000000,400,2022-11-08 10:23:42+00:00,2022-11-08 10:23:42+00:00,,609,3,178,2139
117.000000,400,2022-11-08 10:38:49+00:00,2022-11-08 10:38:49+00:00,,310,3,81,2116
126.000000,400,2022-11-08 10:38:49+00:00,2022-11-08 10:38:49+00:00,,311,3,81,2116
103.000000,400,2022-11-08 10:38:49+00:00,2022-11-08 10:38:49+00:00,,315,3,81,2116
68.000000,400,2022-11-08 10:38:49+00:00,2022-11-08 10:38:49+00:00,,316,3,81,2116
129.000000,400,2022-11-08 10:49:43+00:00,2022-11-08 10:49:43+00:00,,192,3,47,2131
118.000000,400,2022-11-08 10:49:43+00:00,2022-11-08 10:49:43+00:00,,193,3,47,2131
110.000000,400,2022-11-08 10:49:43+00:00,2022-11-08 10:49:43+00:00,,194,3,47,2131
153.000000,400,2022-11-08 10:49:43+00:00,2022-11-08 10:49:43+00:00,,197,3,47,2131
68.000000,400,2022-11-08 10:49:43+00:00,2022-11-08 10:49:43+00:00,,199,3,47,2131
146.000000,400,2022-11-08 10:51:49+00:00,2022-11-08 10:51:49+00:00,,229,3,58,2129
114.000000,400,2022-11-08 11:06:24+00:00,2022-11-08 11:06:24+00:00,,369,3,104,2110
110.000000,400,2022-11-08 11:06:24+00:00,2022-11-08 11:06:24+00:00,,370,3,104,2110
125.000000,400,2022-11-08 11:06:24+00:00,2022-11-08 11:06:24+00:00,,371,3,104,2110
101.000000,400,2022-11-08 11:06:24+00:00,2022-11-08 11:06:24+00:00,,374,3,104,2110
626.000000,400,2022-11-08 11:20:29+00:00,2022-11-08 11:20:29+00:00,,88,3,14,1971
603.000000,400,2022-11-08 11:20:29+00:00,2022-11-08 11:20:29+00:00,,89,3,14,1971
603.000000,400,2022-11-08 11:20:29+00:00,2022-11-08 11:20:29+00:00,,90,3,14,1971
164.000000,400,2022-11-08 12:41:07+00:00,2022-11-08 12:41:07+00:00,,537,3,162,1996
116.000000,400,2022-11-08 12:43:34+00:00,2022-11-08 12:43:34+00:00,,439,3,127,2035
215.000000,400,2022-11-08 12:46:26+00:00,2022-11-08 12:46:26+00:00,,505,3,150,2012
220.000000,400,2022-11-08 12:46:26+00:00,2022-11-08 12:46:26+00:00,,506,3,150,2012
210.000000,400,2022-11-08 12:52:00+00:00,2022-11-08 12:52:00+00:00,,508,3,152,1985
210.000000,400,2022-11-08 12:52:00+00:00,2022-11-08 12:52:00+00:00,,509,3,152,1985
220.000000,400,2022-11-08 12:52:00+00:00,2022-11-08 12:52:00+00:00,,511,3,152,1985
200.000000,400,2022-11-08 12:52:00+00:00,2022-11-08 12:52:00+00:00,,514,3,152,1985
1023.000000,400,2022-11-08 13:37:37+00:00,2022-11-08 13:37:37+00:00,,519,3,155,1902
104.000000,400,2022-11-08 14:20:03+00:00,2022-11-08 14:20:03+00:00,,156,3,35,2135
104.000000,400,2022-11-08 14:20:03+00:00,2022-11-08 14:20:03+00:00,,157,3,35,2135
139.000000,400,2022-11-08 14:25:17+00:00,2022-11-08 14:25:17+00:00,,142,3,31,2134
117.000000,400,2022-11-08 14:25:17+00:00,2022-11-08 14:25:17+00:00,,143,3,31,2134
119.000000,400,2022-11-08 14:25:17+00:00,2022-11-08 14:25:17+00:00,,144,3,31,2134
120.000000,400,2022-11-08 14:25:17+00:00,2022-11-08 14:25:17+00:00,,145,3,31,2134
117.000000,400,2022-11-08 14:40:59+00:00,2022-11-08 14:40:59+00:00,,230,3,58,2129
101.000000,400,2022-11-08 14:45:38+00:00,2022-11-08 14:45:38+00:00,,376,3,105,2110
250.000000,400,2022-11-08 14:50:20+00:00,2022-11-08 14:50:20+00:00,,346,3,94,2113
314.000000,400,2022-11-09 10:03:16+00:00,2022-11-09 10:03:16+00:00,,51,3,7,2125
252.000000,400,2022-11-09 10:03:44+00:00,2022-11-09 10:03:44+00:00,,53,3,7,2125
114.000000,400,2022-11-09 10:07:36+00:00,2022-11-09 10:07:36+00:00,,250,3,62,2127
112.000000,400,2022-11-09 10:07:36+00:00,2022-11-09 10:07:36+00:00,,251,3,62,2127
125.000000,400,2022-11-09 10:07:36+00:00,2022-11-09 10:07:36+00:00,,252,3,62,2127
150.000000,400,2022-11-09 10:07:36+00:00,2022-11-09 10:07:36+00:00,,254,3,62,2127
105.000000,400,2022-11-09 10:07:36+00:00,2022-11-09 10:07:36+00:00,,255,3,62,2127
67.000000,400,2022-11-09 10:07:36+00:00,2022-11-09 10:07:36+00:00,,256,3,62,2127
118.000000,400,2022-11-09 10:13:09+00:00,2022-11-09 10:13:09+00:00,,168,3,39,2133
112.000000,400,2022-11-09 10:13:09+00:00,2022-11-09 10:13:09+00:00,,169,3,39,2133
125.000000,400,2022-11-09 10:13:09+00:00,2022-11-09 10:13:09+00:00,,172,3,39,2133
139.000000,400,2022-11-09 10:18:04+00:00,2022-11-09 10:18:04+00:00,,180,3,43,2132
103.000000,400,2022-11-09 10:18:04+00:00,2022-11-09 10:18:04+00:00,,181,3,43,2132
101.000000,400,2022-11-09 10:27:28+00:00,2022-11-09 10:27:28+00:00,,257,3,63,2127
112.000000,400,2022-11-09 10:27:28+00:00,2022-11-09 10:27:28+00:00,,258,3,63,2127
116.000000,400,2022-11-09 10:36:08+00:00,2022-11-09 10:36:08+00:00,,203,3,49,2131
113.000000,400,2022-11-09 10:36:08+00:00,2022-11-09 10:36:08+00:00,,204,3,49,2131
109.000000,400,2022-11-09 10:41:29+00:00,2022-11-09 10:41:29+00:00,,333,3,90,2114
104.000000,400,2022-11-09 10:41:29+00:00,2022-11-09 10:41:29+00:00,,334,3,90,2114
105.000000,400,2022-11-09 10:41:29+00:00,2022-11-09 10:41:29+00:00,,335,3,90,2114
149.000000,400,2022-11-09 10:41:29+00:00,2022-11-09 10:41:29+00:00,,337,3,90,2114
105.000000,400,2022-11-09 10:41:29+00:00,2022-11-09 10:41:29+00:00,,338,3,90,2114
66.000000,400,2022-11-09 10:41:30+00:00,2022-11-09 10:41:30+00:00,,339,3,90,2114
100.000000,400,2022-11-09 10:43:45+00:00,2022-11-09 10:43:45+00:00,,340,3,91,2114
0.200000,400,2022-11-09 14:06:29+00:00,2022-11-09 14:06:29+00:00,,229,3,58,2129
0.200000,400,2022-11-09 14:06:29+00:00,2022-11-09 14:06:29+00:00,,230,3,58,2129
102.000000,400,2022-11-09 14:06:29+00:00,2022-11-09 14:06:29+00:00,,231,3,58,2129
102.000000,400,2022-11-09 14:06:29+00:00,2022-11-09 14:06:29+00:00,,234,3,58,2129
67.000000,400,2022-11-09 14:06:29+00:00,2022-11-09 14:06:29+00:00,,235,3,58,2129
102.000000,400,2022-11-09 14:08:44+00:00,2022-11-09 14:08:44+00:00,,243,3,59,2129
200.000000,400,2022-11-09 14:14:51+00:00,2022-11-09 14:14:51+00:00,,327,3,85,2115
200.000000,400,2022-11-09 14:15:43+00:00,2022-11-09 14:15:43+00:00,,329,3,86,2115
118.000000,400,2022-11-09 14:19:13+00:00,2022-11-09 14:19:13+00:00,,176,3,40,2133
100.000000,400,2022-11-09 14:43:39+00:00,2022-11-09 14:43:39+00:00,,336,3,90,2114
252.000000,400,2022-11-09 14:52:11+00:00,2022-11-09 14:52:11+00:00,,57,3,7,2125
167.000000,400,2022-11-09 14:52:11+00:00,2022-11-09 14:52:11+00:00,,58,3,7,2125
102.000000,400,2022-11-09 14:56:31+00:00,2022-11-09 14:56:31+00:00,,147,3,31,2134
67.000000,400,2022-11-09 14:56:31+00:00,2022-11-09 14:56:31+00:00,,149,3,31,2134
103.000000,400,2022-11-10 08:25:29+00:00,2022-11-10 08:25:29+00:00,,425,3,119,2021
107.000000,400,2022-11-10 08:47:30+00:00,2022-11-10 08:47:30+00:00,,342,3,91,2114
120.000000,400,2022-11-10 08:49:59+00:00,2022-11-10 08:49:59+00:00,,184,3,43,2132
67.000000,400,2022-11-10 08:54:31+00:00,2022-11-10 08:54:31+00:00,,253,3,62,2127
109.000000,400,2022-11-10 08:55:43+00:00,2022-11-10 08:55:43+00:00,,259,3,64,2127
112.000000,400,2022-11-10 08:55:43+00:00,2022-11-10 08:55:43+00:00,,260,3,64,2127
117.000000,400,2022-11-10 08:55:43+00:00,2022-11-10 08:55:43+00:00,,261,3,64,2127
232.000000,400,2022-11-10 09:02:01+00:00,2022-11-10 09:02:01+00:00,,451,3,133,2145
225.000000,400,2022-11-10 09:02:01+00:00,2022-11-10 09:02:01+00:00,,452,3,133,2145
219.000000,400,2022-11-10 09:02:01+00:00,2022-11-10 09:02:01+00:00,,453,3,133,2145
128.000000,400,2022-11-10 09:02:01+00:00,2022-11-10 09:02:01+00:00,,456,3,133,2145
232.000000,400,2022-11-10 09:07:50+00:00,2022-11-10 09:07:50+00:00,,477,3,141,2147
225.000000,400,2022-11-10 09:07:50+00:00,2022-11-10 09:07:50+00:00,,478,3,141,2147
219.000000,400,2022-11-10 09:07:50+00:00,2022-11-10 09:07:50+00:00,,479,3,141,2147
232.000000,400,2022-11-10 09:15:24+00:00,2022-11-10 09:15:24+00:00,,458,3,134,2145
232.000000,400,2022-11-10 09:17:37+00:00,2022-11-10 09:17:37+00:00,,471,3,138,2146
100.000000,400,2022-11-10 09:19:40+00:00,2022-11-10 09:19:40+00:00,,188,3,44,2132
232.000000,400,2022-11-11 07:45:11+00:00,2022-11-11 07:45:11+00:00,,464,3,137,2146
225.000000,400,2022-11-11 07:45:11+00:00,2022-11-11 07:45:11+00:00,,465,3,137,2146
219.000000,400,2022-11-11 07:45:11+00:00,2022-11-11 07:45:11+00:00,,466,3,137,2146
128.000000,400,2022-11-11 07:45:11+00:00,2022-11-11 07:45:11+00:00,,469,3,137,2146
142.000000,400,2022-11-11 08:04:55+00:00,2022-11-11 08:04:55+00:00,,284,3,70,2123
127.000000,400,2022-11-11 08:04:55+00:00,2022-11-11 08:04:55+00:00,,285,3,70,2123
126.000000,400,2022-11-11 08:04:55+00:00,2022-11-11 08:04:55+00:00,,286,3,70,2123
232.000000,400,2022-11-11 08:08:05+00:00,2022-11-11 08:08:05+00:00,,484,3,142,2147
148.000000,400,2022-11-11 08:14:51+00:00,2022-11-11 08:14:51+00:00,,244,3,59,2129
115.000000,400,2022-11-11 08:14:51+00:00,2022-11-11 08:14:51+00:00,,245,3,59,2129
252.000000,400,2022-11-11 08:16:56+00:00,2022-11-11 08:16:56+00:00,,45,3,9,2125
101.000000,400,2022-11-11 09:10:40+00:00,2022-11-11 09:10:40+00:00,,372,3,104,2110
150.000000,400,2022-11-11 09:10:40+00:00,2022-11-11 09:10:40+00:00,,373,3,104,2110
67.000000,400,2022-11-11 09:10:40+00:00,2022-11-11 09:10:40+00:00,,375,3,104,2110
110.000000,400,2022-11-11 09:11:11+00:00,2022-11-11 09:11:11+00:00,,377,3,106,2110
108.000000,400,2022-11-11 09:11:12+00:00,2022-11-11 09:11:12+00:00,,378,3,106,2110
117.000000,400,2022-11-11 09:14:00+00:00,2022-11-11 09:14:00+00:00,,312,3,81,2116
79.000000,400,2022-11-11 09:14:00+00:00,2022-11-11 09:14:00+00:00,,313,3,81,2116
165.000000,400,2022-11-11 09:14:00+00:00,2022-11-11 09:14:00+00:00,,314,3,81,2116
118.000000,400,2022-11-11 09:14:43+00:00,2022-11-11 09:14:43+00:00,,319,3,83,2116
126.000000,400,2022-11-11 09:14:43+00:00,2022-11-11 09:14:43+00:00,,320,3,83,2116
380.000000,400,2022-11-11 10:13:38+00:00,2022-11-11 10:13:38+00:00,,91,3,14,1971
925.000000,400,2022-11-11 10:13:38+00:00,2022-11-11 10:13:38+00:00,,92,3,14,1971
252.000000,400,2022-11-11 10:31:03+00:00,2022-11-11 10:31:03+00:00,,52,3,7,2125
167.000000,400,2022-11-11 10:31:03+00:00,2022-11-11 10:31:03+00:00,,54,3,7,2125
252.000000,400,2022-11-11 10:31:03+00:00,2022-11-11 10:31:03+00:00,,55,3,7,2125
117.000000,400,2022-11-11 10:35:02+00:00,2022-11-11 10:35:02+00:00,,31,3,4,2126
118.000000,400,2022-11-11 10:35:02+00:00,2022-11-11 10:35:02+00:00,,32,3,4,2126
1.000000,400,2022-11-11 10:42:45+00:00,2022-11-11 10:42:45+00:00,,329,3,86,2115
218.000000,400,2022-11-11 10:43:04+00:00,2022-11-11 10:43:04+00:00,,330,3,87,2115
0.900000,400,2022-11-11 10:49:32+00:00,2022-11-11 10:49:32+00:00,,158,3,35,2135
61.000000,400,2022-11-11 10:49:32+00:00,2022-11-11 10:49:32+00:00,,159,3,35,2135
151.000000,400,2022-11-11 10:49:32+00:00,2022-11-11 10:49:32+00:00,,160,3,35,2135
102.000000,400,2022-11-11 10:49:32+00:00,2022-11-11 10:49:32+00:00,,161,3,35,2135
102.000000,400,2022-11-11 10:49:57+00:00,2022-11-11 10:49:57+00:00,,163,3,36,2135
151.000000,400,2022-11-11 10:51:16+00:00,2022-11-11 10:51:16+00:00,,146,3,31,2134
67.000000,400,2022-11-11 10:51:16+00:00,2022-11-11 10:51:16+00:00,,148,3,31,2134
102.000000,400,2022-11-11 10:53:47+00:00,2022-11-11 10:53:47+00:00,,150,3,32,2134
120.000000,400,2022-11-11 10:53:48+00:00,2022-11-11 10:53:48+00:00,,151,3,32,2134
104.000000,400,2022-11-11 10:55:24+00:00,2022-11-11 10:55:24+00:00,,164,3,36,2135
100.000000,400,2022-11-11 10:57:45+00:00,2022-11-11 10:57:45+00:00,,364,3,101,2111
122.000000,400,2022-11-11 11:00:42+00:00,2022-11-11 11:00:42+00:00,,356,3,100,2111
110.000000,400,2022-11-11 11:00:42+00:00,2022-11-11 11:00:42+00:00,,357,3,100,2111
110.000000,400,2022-11-11 11:00:42+00:00,2022-11-11 11:00:42+00:00,,358,3,100,2111
110.000000,400,2022-11-11 11:00:42+00:00,2022-11-11 11:00:42+00:00,,359,3,100,2111
66.000000,400,2022-11-11 11:00:42+00:00,2022-11-11 11:00:42+00:00,,360,3,100,2111
149.000000,400,2022-11-11 11:00:42+00:00,2022-11-11 11:00:42+00:00,,361,3,100,2111
100.000000,400,2022-11-11 11:00:42+00:00,2022-11-11 11:00:42+00:00,,362,3,100,2111
66.000000,400,2022-11-11 11:00:43+00:00,2022-11-11 11:00:43+00:00,,363,3,100,2111
200.000000,400,2022-11-11 11:04:03+00:00,2022-11-11 11:04:03+00:00,,457,3,134,2145
102.000000,400,2022-11-11 13:52:51+00:00,2022-11-11 13:52:51+00:00,,289,3,70,2123
67.000000,400,2022-11-11 13:52:51+00:00,2022-11-11 13:52:51+00:00,,290,3,70,2123
102.000000,400,2022-11-11 14:06:48+00:00,2022-11-11 14:06:48+00:00,,280,3,67,2124
110.000000,400,2022-11-11 14:10:51+00:00,2022-11-11 14:10:51+00:00,,281,3,68,2124
108.000000,400,2022-11-11 14:10:52+00:00,2022-11-11 14:10:52+00:00,,282,3,68,2124
102.000000,400,2022-11-12 08:23:54+00:00,2022-11-12 08:23:54+00:00,,291,3,71,2123
200.000000,400,2022-11-12 08:26:29+00:00,2022-11-12 08:26:29+00:00,,470,3,138,2146
128.000000,400,2022-11-12 08:28:20+00:00,2022-11-12 08:28:20+00:00,,482,3,141,2147
200.000000,400,2022-11-12 08:28:37+00:00,2022-11-12 08:28:37+00:00,,483,3,142,2147
135.000000,400,2022-11-12 09:24:06+00:00,2022-11-12 09:24:06+00:00,,195,3,47,2131
68.000000,400,2022-11-12 09:24:06+00:00,2022-11-12 09:24:06+00:00,,196,3,47,2131
103.000000,400,2022-11-12 09:24:06+00:00,2022-11-12 09:24:06+00:00,,198,3,47,2131
103.000000,400,2022-11-12 09:25:14+00:00,2022-11-12 09:25:14+00:00,,200,3,48,2131
119.000000,400,2022-11-12 09:25:14+00:00,2022-11-12 09:25:14+00:00,,201,3,48,2131
110.000000,400,2022-11-12 09:25:38+00:00,2022-11-12 09:25:38+00:00,,202,3,49,2131
257.000000,400,2022-11-12 09:28:44+00:00,2022-11-12 09:28:44+00:00,,775,3,11,2128
257.000000,400,2022-11-12 09:28:44+00:00,2022-11-12 09:28:44+00:00,,776,3,11,2128
67.000000,400,2022-11-12 09:43:00+00:00,2022-11-12 09:43:00+00:00,,287,3,70,2123
151.000000,400,2022-11-12 09:43:00+00:00,2022-11-12 09:43:00+00:00,,288,3,70,2123
120.000000,400,2022-11-12 09:44:22+00:00,2022-11-12 09:44:22+00:00,,292,3,72,2123
116.000000,400,2022-11-12 09:44:22+00:00,2022-11-12 09:44:22+00:00,,293,3,72,2123
104.000000,400,2022-11-12 09:50:31+00:00,2022-11-12 09:50:31+00:00,,30,3,4,2126
120.000000,400,2022-11-12 10:00:01+00:00,2022-11-12 10:00:01+00:00,,28,3,5,2126
60.000000,400,2022-11-12 10:04:11+00:00,2022-11-12 10:04:11+00:00,,694,3,206,2034
50.000000,400,2022-11-12 10:04:11+00:00,2022-11-12 10:04:11+00:00,,695,3,206,2034
60.000000,400,2022-11-12 10:07:04+00:00,2022-11-12 10:07:04+00:00,,772,3,239,2041
50.000000,400,2022-11-12 10:07:04+00:00,2022-11-12 10:07:04+00:00,,773,3,239,2041
13.000000,400,2022-11-12 11:21:19+00:00,2022-11-12 11:21:19+00:00,,181,3,43,2132
100.000000,400,2022-11-14 10:06:00+00:00,2022-11-14 10:06:00+00:00,,699,3,210,2036
100.000000,400,2022-11-14 10:08:12+00:00,2022-11-14 10:08:12+00:00,,697,3,208,2037
41.000000,400,2022-11-14 10:11:44+00:00,2022-11-14 10:11:44+00:00,,694,3,206,2034
51.000000,400,2022-11-14 10:11:44+00:00,2022-11-14 10:11:44+00:00,,695,3,206,2034
50.000000,400,2022-11-14 10:21:37+00:00,2022-11-14 10:21:37+00:00,,685,3,204,2056
50.000000,400,2022-11-14 10:21:37+00:00,2022-11-14 10:21:37+00:00,,686,3,204,2056
50.000000,400,2022-11-14 10:21:37+00:00,2022-11-14 10:21:37+00:00,,687,3,204,2056
50.000000,400,2022-11-14 10:32:33+00:00,2022-11-14 10:32:33+00:00,,498,3,146,2055
50.000000,400,2022-11-14 10:32:33+00:00,2022-11-14 10:32:33+00:00,,499,3,146,2055
50.000000,400,2022-11-14 10:32:33+00:00,2022-11-14 10:32:33+00:00,,500,3,146,2055
50.000000,400,2022-11-14 10:33:19+00:00,2022-11-14 10:33:19+00:00,,490,3,145,2055
50.000000,400,2022-11-14 10:33:20+00:00,2022-11-14 10:33:20+00:00,,491,3,145,2055
50.000000,400,2022-11-14 10:33:20+00:00,2022-11-14 10:33:20+00:00,,492,3,145,2055
50.000000,400,2022-11-14 10:33:20+00:00,2022-11-14 10:33:20+00:00,,493,3,145,2055
33.000000,400,2022-11-14 10:33:20+00:00,2022-11-14 10:33:20+00:00,,494,3,145,2055
80.000000,400,2022-11-14 10:33:20+00:00,2022-11-14 10:33:20+00:00,,495,3,145,2055
50.000000,400,2022-11-14 10:33:20+00:00,2022-11-14 10:33:20+00:00,,496,3,145,2055
33.000000,400,2022-11-14 10:33:20+00:00,2022-11-14 10:33:20+00:00,,497,3,145,2055
66.000000,400,2022-11-14 10:41:55+00:00,2022-11-14 10:41:55+00:00,,170,3,39,2133
100.000000,400,2022-11-14 10:41:55+00:00,2022-11-14 10:41:55+00:00,,171,3,39,2133
149.000000,400,2022-11-14 10:41:55+00:00,2022-11-14 10:41:55+00:00,,173,3,39,2133
66.000000,400,2022-11-14 10:41:55+00:00,2022-11-14 10:41:55+00:00,,174,3,39,2133
100.000000,400,2022-11-14 10:43:45+00:00,2022-11-14 10:43:45+00:00,,175,3,40,2133
128.000000,400,2022-11-14 10:46:10+00:00,2022-11-14 10:46:10+00:00,,454,3,133,2145
289.000000,400,2022-11-14 10:46:10+00:00,2022-11-14 10:46:10+00:00,,455,3,133,2145
128.000000,400,2022-11-14 10:48:16+00:00,2022-11-14 10:48:16+00:00,,467,3,137,2146
289.000000,400,2022-11-14 10:48:16+00:00,2022-11-14 10:48:16+00:00,,468,3,137,2146
128.000000,400,2022-11-14 10:49:07+00:00,2022-11-14 10:49:07+00:00,,480,3,141,2147
289.000000,400,2022-11-14 10:49:07+00:00,2022-11-14 10:49:07+00:00,,481,3,141,2147
67.000000,400,2022-11-14 10:51:57+00:00,2022-11-14 10:51:57+00:00,,232,3,58,2129
151.000000,400,2022-11-14 10:51:57+00:00,2022-11-14 10:51:57+00:00,,233,3,58,2129
328.000000,400,2022-11-14 13:26:18+00:00,2022-11-14 13:26:18+00:00,,672,3,200,2170
350.000000,400,2022-11-14 13:26:18+00:00,2022-11-14 13:26:18+00:00,,673,3,200,2170
194.000000,400,2022-11-14 13:26:18+00:00,2022-11-14 13:26:18+00:00,,674,3,200,2170
302.000000,400,2022-11-14 13:26:18+00:00,2022-11-14 13:26:18+00:00,,676,3,200,2170
194.000000,400,2022-11-14 13:26:18+00:00,2022-11-14 13:26:18+00:00,,677,3,200,2170
330.000000,400,2022-11-14 13:33:30+00:00,2022-11-14 13:33:30+00:00,,679,3,201,2170
55.000000,400,2022-11-15 07:44:43+00:00,2022-11-15 07:44:43+00:00,,579,3,174,2140
33.000000,400,2022-11-15 07:44:43+00:00,2022-11-15 07:44:43+00:00,,580,3,174,2140
74.000000,400,2022-11-15 07:44:43+00:00,2022-11-15 07:44:43+00:00,,581,3,174,2140
50.000000,400,2022-11-15 07:45:10+00:00,2022-11-15 07:45:10+00:00,,586,3,175,2140
30.000000,400,2022-11-15 07:47:08+00:00,2022-11-15 07:47:08+00:00,,606,3,178,2139
33.000000,400,2022-11-15 07:47:08+00:00,2022-11-15 07:47:08+00:00,,607,3,178,2139
74.000000,400,2022-11-15 07:47:09+00:00,2022-11-15 07:47:09+00:00,,608,3,178,2139
50.000000,400,2022-11-15 07:47:25+00:00,2022-11-15 07:47:25+00:00,,610,3,179,2139
67.000000,400,2022-11-15 07:54:54+00:00,2022-11-15 07:54:54+00:00,,162,3,35,2135
436.000000,400,2022-11-15 07:56:46+00:00,2022-11-15 07:56:46+00:00,,675,3,200,2170
302.000000,400,2022-11-15 07:57:06+00:00,2022-11-15 07:57:06+00:00,,678,3,201,2170
107.000000,400,2022-11-15 08:27:31+00:00,2022-11-15 08:27:31+00:00,,343,3,92,2114
104.000000,400,2022-11-15 08:27:31+00:00,2022-11-15 08:27:31+00:00,,344,3,92,2114
112.000000,400,2022-11-15 08:29:09+00:00,2022-11-15 08:29:09+00:00,,165,3,37,2135
104.000000,400,2022-11-15 08:29:09+00:00,2022-11-15 08:29:09+00:00,,166,3,37,2135
257.000000,400,2022-11-15 08:38:25+00:00,2022-11-15 08:38:25+00:00,,48,3,8,2125
280.000000,400,2022-11-15 08:38:26+00:00,2022-11-15 08:38:26+00:00,,49,3,8,2125
310.000000,400,2022-11-15 08:38:26+00:00,2022-11-15 08:38:26+00:00,,50,3,8,2125
314.000000,400,2022-11-15 08:39:50+00:00,2022-11-15 08:39:50+00:00,,46,3,9,2125
279.000000,400,2022-11-15 08:39:50+00:00,2022-11-15 08:39:50+00:00,,47,3,9,2125
112.000000,400,2022-11-15 08:42:43+00:00,2022-11-15 08:42:43+00:00,,341,3,91,2114
66.000000,400,2022-11-15 08:46:30+00:00,2022-11-15 08:46:30+00:00,,950,3,301,2042
51.000000,400,2022-11-15 08:46:30+00:00,2022-11-15 08:46:30+00:00,,951,3,301,2042
40.000000,400,2022-11-15 09:25:03+00:00,2022-11-15 09:25:03+00:00,,357,3,100,2111
175.000000,400,2022-11-15 09:44:35+00:00,2022-11-15 09:44:35+00:00,,915,3,286,2097
198.000000,400,2022-11-15 09:44:35+00:00,2022-11-15 09:44:35+00:00,,916,3,286,2097
188.000000,400,2022-11-15 09:44:35+00:00,2022-11-15 09:44:35+00:00,,917,3,286,2097
623.000000,400,2022-11-16 09:01:57+00:00,2022-11-16 09:01:57+00:00,,646,3,192,2174
675.000000,400,2022-11-16 09:01:57+00:00,2022-11-16 09:01:57+00:00,,647,3,192,2174
645.000000,400,2022-11-16 09:01:57+00:00,2022-11-16 09:01:57+00:00,,648,3,192,2174
378.000000,400,2022-11-16 09:01:57+00:00,2022-11-16 09:01:57+00:00,,651,3,192,2174
616.000000,400,2022-11-16 09:04:23+00:00,2022-11-16 09:04:23+00:00,,659,3,196,2175
648.000000,400,2022-11-16 09:04:23+00:00,2022-11-16 09:04:23+00:00,,660,3,196,2175
645.000000,400,2022-11-16 09:04:23+00:00,2022-11-16 09:04:23+00:00,,661,3,196,2175
378.000000,400,2022-11-16 09:04:23+00:00,2022-11-16 09:04:23+00:00,,664,3,196,2175
318.000000,400,2022-11-17 08:33:02+00:00,2022-11-17 08:33:02+00:00,,680,3,202,2170
328.000000,400,2022-11-17 08:33:02+00:00,2022-11-17 08:33:02+00:00,,681,3,202,2170
328.000000,400,2022-11-17 08:33:02+00:00,2022-11-17 08:33:02+00:00,,682,3,202,2170
318.000000,400,2022-11-17 08:33:02+00:00,2022-11-17 08:33:02+00:00,,683,3,202,2170
208.000000,400,2022-11-17 08:40:23+00:00,2022-11-17 08:40:23+00:00,,769,3,237,2064
224.000000,400,2022-11-17 08:40:23+00:00,2022-11-17 08:40:23+00:00,,770,3,237,2064
118.000000,400,2022-11-17 08:46:32+00:00,2022-11-17 08:46:32+00:00,,1051,3,102,2111
120.000000,400,2022-11-17 08:46:32+00:00,2022-11-17 08:46:32+00:00,,1052,3,102,2111
105.000000,400,2022-11-17 08:46:32+00:00,2022-11-17 08:46:32+00:00,,1053,3,102,2111
106.000000,400,2022-11-17 08:49:33+00:00,2022-11-17 08:49:33+00:00,,177,3,41,2133
111.000000,400,2022-11-17 08:49:33+00:00,2022-11-17 08:49:33+00:00,,178,3,41,2133
143.000000,400,2022-11-17 09:55:23+00:00,2022-11-17 09:55:23+00:00,,539,3,164,2158
129.000000,400,2022-11-17 09:55:23+00:00,2022-11-17 09:55:23+00:00,,540,3,164,2158
66.000000,400,2022-11-17 09:55:23+00:00,2022-11-17 09:55:23+00:00,,541,3,164,2158
149.000000,400,2022-11-17 09:55:24+00:00,2022-11-17 09:55:24+00:00,,542,3,164,2158
100.000000,400,2022-11-17 09:55:24+00:00,2022-11-17 09:55:24+00:00,,543,3,164,2158
66.000000,400,2022-11-17 09:55:24+00:00,2022-11-17 09:55:24+00:00,,544,3,164,2158
100.000000,400,2022-11-17 09:56:17+00:00,2022-11-17 09:56:17+00:00,,545,3,165,2158
116.000000,400,2022-11-17 10:07:21+00:00,2022-11-17 10:07:21+00:00,,849,3,260,2227
128.000000,400,2022-11-17 10:07:21+00:00,2022-11-17 10:07:21+00:00,,850,3,260,2227
120.000000,400,2022-11-17 10:07:21+00:00,2022-11-17 10:07:21+00:00,,851,3,260,2227
67.000000,400,2022-11-17 10:07:21+00:00,2022-11-17 10:07:21+00:00,,852,3,260,2227
151.000000,400,2022-11-17 10:07:21+00:00,2022-11-17 10:07:21+00:00,,853,3,260,2227
102.000000,400,2022-11-17 10:07:22+00:00,2022-11-17 10:07:22+00:00,,854,3,260,2227
67.000000,400,2022-11-17 10:07:22+00:00,2022-11-17 10:07:22+00:00,,855,3,260,2227
259.000000,400,2022-11-17 10:23:45+00:00,2022-11-17 10:23:45+00:00,,863,3,264,2228
162.000000,400,2022-11-17 10:23:45+00:00,2022-11-17 10:23:45+00:00,,864,3,264,2228
375.000000,400,2022-11-17 10:23:45+00:00,2022-11-17 10:23:45+00:00,,865,3,264,2228
328.000000,400,2022-11-17 10:23:45+00:00,2022-11-17 10:23:45+00:00,,866,3,264,2228
162.000000,400,2022-11-17 10:23:45+00:00,2022-11-17 10:23:45+00:00,,867,3,264,2228
213.000000,400,2022-11-18 09:06:39+00:00,2022-11-18 09:06:39+00:00,,459,3,135,2145
217.000000,400,2022-11-18 09:06:40+00:00,2022-11-18 09:06:40+00:00,,460,3,135,2145
214.000000,400,2022-11-18 09:06:40+00:00,2022-11-18 09:06:40+00:00,,461,3,135,2145
216.000000,400,2022-11-18 09:06:40+00:00,2022-11-18 09:06:40+00:00,,462,3,135,2145
217.000000,400,2022-11-18 09:09:51+00:00,2022-11-18 09:09:51+00:00,,472,3,139,2146
218.000000,400,2022-11-18 09:09:51+00:00,2022-11-18 09:09:51+00:00,,473,3,139,2146
222.000000,400,2022-11-18 09:09:51+00:00,2022-11-18 09:09:51+00:00,,474,3,139,2146
218.000000,400,2022-11-18 09:09:51+00:00,2022-11-18 09:09:51+00:00,,475,3,139,2146
211.000000,400,2022-11-18 09:13:09+00:00,2022-11-18 09:13:09+00:00,,485,3,143,2147
210.000000,400,2022-11-18 09:13:09+00:00,2022-11-18 09:13:09+00:00,,486,3,143,2147
216.000000,400,2022-11-18 09:13:09+00:00,2022-11-18 09:13:09+00:00,,487,3,143,2147
214.000000,400,2022-11-18 09:13:09+00:00,2022-11-18 09:13:09+00:00,,488,3,143,2147
63.000000,400,2022-11-18 14:47:48+00:00,2022-11-18 14:47:48+00:00,,1917,3,569,2040
69.000000,400,2022-11-18 14:47:48+00:00,2022-11-18 14:47:48+00:00,,1918,3,569,2040
160.000000,400,2022-11-19 08:48:54+00:00,2022-11-19 08:48:54+00:00,,839,3,256,2226
100.000000,400,2022-11-19 08:48:54+00:00,2022-11-19 08:48:54+00:00,,840,3,256,2226
226.000000,400,2022-11-19 08:48:54+00:00,2022-11-19 08:48:54+00:00,,841,3,256,2226
100.000000,400,2022-11-19 08:48:54+00:00,2022-11-19 08:48:54+00:00,,842,3,256,2226
100.000000,400,2022-11-19 08:48:54+00:00,2022-11-19 08:48:54+00:00,,843,3,256,2226
123.000000,400,2022-11-19 08:51:17+00:00,2022-11-19 08:51:17+00:00,,712,3,216,2200
113.000000,400,2022-11-19 08:51:17+00:00,2022-11-19 08:51:17+00:00,,713,3,216,2200
66.000000,400,2022-11-19 08:51:17+00:00,2022-11-19 08:51:17+00:00,,714,3,216,2200
161.000000,400,2022-11-19 08:51:17+00:00,2022-11-19 08:51:17+00:00,,715,3,216,2200
100.000000,400,2022-11-19 08:51:17+00:00,2022-11-19 08:51:17+00:00,,716,3,216,2200
66.000000,400,2022-11-19 08:51:17+00:00,2022-11-19 08:51:17+00:00,,717,3,216,2200
326.000000,400,2022-11-19 14:49:51+00:00,2022-11-19 14:49:51+00:00,,298,3,75,2119
305.000000,400,2022-11-19 14:49:51+00:00,2022-11-19 14:49:51+00:00,,299,3,75,2119
280.000000,400,2022-11-19 14:49:51+00:00,2022-11-19 14:49:51+00:00,,300,3,75,2119
327.000000,400,2022-11-19 14:54:40+00:00,2022-11-19 14:54:40+00:00,,295,3,74,2120
286.000000,400,2022-11-19 14:54:40+00:00,2022-11-19 14:54:40+00:00,,296,3,74,2120
252.000000,400,2022-11-19 14:54:40+00:00,2022-11-19 14:54:40+00:00,,297,3,74,2120
180.000000,400,2022-11-19 14:58:42+00:00,2022-11-19 14:58:42+00:00,,535,3,160,1997
261.000000,400,2022-11-19 15:03:15+00:00,2022-11-19 15:03:15+00:00,,1202,3,375,2054
253.000000,400,2022-11-19 15:03:15+00:00,2022-11-19 15:03:15+00:00,,1203,3,375,2054
266.000000,400,2022-11-19 15:03:15+00:00,2022-11-19 15:03:15+00:00,,1204,3,375,2054
106.000000,400,2022-11-19 15:06:46+00:00,2022-11-19 15:06:46+00:00,,907,3,282,1994
105.000000,400,2022-11-19 15:06:46+00:00,2022-11-19 15:06:46+00:00,,908,3,282,1994
105.000000,400,2022-11-19 15:06:46+00:00,2022-11-19 15:06:46+00:00,,909,3,282,1994
103.000000,400,2022-11-19 15:06:46+00:00,2022-11-19 15:06:46+00:00,,910,3,282,1994
119.000000,400,2022-11-19 15:17:15+00:00,2022-11-19 15:17:15+00:00,,1525,3,455,2059
119.000000,400,2022-11-19 15:17:15+00:00,2022-11-19 15:17:15+00:00,,1526,3,455,2059
105.000000,400,2022-11-19 15:17:15+00:00,2022-11-19 15:17:15+00:00,,1527,3,455,2059
110.000000,400,2022-11-19 15:19:03+00:00,2022-11-19 15:19:03+00:00,,1521,3,453,2061
110.000000,400,2022-11-19 15:19:03+00:00,2022-11-19 15:19:03+00:00,,1522,3,453,2061
110.000000,400,2022-11-19 15:19:03+00:00,2022-11-19 15:19:03+00:00,,1523,3,453,2061
129.000000,400,2022-11-19 15:23:30+00:00,2022-11-19 15:23:30+00:00,,523,3,157,2057
110.000000,400,2022-11-19 15:23:30+00:00,2022-11-19 15:23:30+00:00,,524,3,157,2057
100.000000,400,2022-11-19 15:23:30+00:00,2022-11-19 15:23:30+00:00,,525,3,157,2057
100.000000,400,2022-11-19 15:23:30+00:00,2022-11-19 15:23:30+00:00,,526,3,157,2057
66.000000,400,2022-11-19 15:23:30+00:00,2022-11-19 15:23:30+00:00,,527,3,157,2057
161.000000,400,2022-11-19 15:23:30+00:00,2022-11-19 15:23:30+00:00,,528,3,157,2057
100.000000,400,2022-11-19 15:23:30+00:00,2022-11-19 15:23:30+00:00,,529,3,157,2057
66.000000,400,2022-11-19 15:23:31+00:00,2022-11-19 15:23:31+00:00,,530,3,157,2057
108.000000,400,2022-11-19 15:24:34+00:00,2022-11-19 15:24:34+00:00,,531,3,158,2057
114.000000,400,2022-11-19 15:24:34+00:00,2022-11-19 15:24:34+00:00,,532,3,158,2057
103.000000,400,2022-11-19 15:24:34+00:00,2022-11-19 15:24:34+00:00,,533,3,158,2057
200.000000,400,2022-11-19 15:35:51+00:00,2022-11-19 15:35:51+00:00,,322,3,85,2115
200.000000,400,2022-11-19 15:35:51+00:00,2022-11-19 15:35:51+00:00,,323,3,85,2115
200.000000,400,2022-11-19 15:35:51+00:00,2022-11-19 15:35:51+00:00,,324,3,85,2115
132.000000,400,2022-11-19 15:35:51+00:00,2022-11-19 15:35:51+00:00,,325,3,85,2115
297.000000,400,2022-11-19 15:35:52+00:00,2022-11-19 15:35:52+00:00,,326,3,85,2115
132.000000,400,2022-11-19 15:35:52+00:00,2022-11-19 15:35:52+00:00,,328,3,85,2115
200.000000,400,2022-11-19 15:43:26+00:00,2022-11-19 15:43:26+00:00,,510,3,152,1985
128.000000,400,2022-11-19 15:43:26+00:00,2022-11-19 15:43:26+00:00,,512,3,152,1985
312.000000,400,2022-11-19 15:43:26+00:00,2022-11-19 15:43:26+00:00,,513,3,152,1985
128.000000,400,2022-11-19 15:43:26+00:00,2022-11-19 15:43:26+00:00,,515,3,152,1985
207.000000,400,2022-11-19 15:43:54+00:00,2022-11-19 15:43:54+00:00,,516,3,153,1985
203.000000,400,2022-11-19 15:43:54+00:00,2022-11-19 15:43:54+00:00,,517,3,153,1985
102.000000,400,2022-11-19 15:45:43+00:00,2022-11-19 15:45:43+00:00,,944,3,297,1987
102.000000,400,2022-11-19 15:45:43+00:00,2022-11-19 15:45:43+00:00,,945,3,297,1987
104.000000,400,2022-11-19 15:47:09+00:00,2022-11-19 15:47:09+00:00,,912,3,284,1988
106.000000,400,2022-11-19 15:47:09+00:00,2022-11-19 15:47:09+00:00,,913,3,284,1988
107.000000,400,2022-11-19 15:48:36+00:00,2022-11-19 15:48:36+00:00,,896,3,276,2038
490.000000,400,2022-11-19 15:55:35+00:00,2022-11-19 15:55:35+00:00,,1397,3,430,1347
520.000000,400,2022-11-19 15:55:35+00:00,2022-11-19 15:55:35+00:00,,1398,3,430,1347
528.000000,400,2022-11-19 15:55:36+00:00,2022-11-19 15:55:36+00:00,,1399,3,430,1347
700.000000,400,2022-11-19 15:55:36+00:00,2022-11-19 15:55:36+00:00,,1400,3,430,1347
218.000000,400,2022-11-19 15:55:36+00:00,2022-11-19 15:55:36+00:00,,1401,3,430,1347
453.000000,400,2022-11-19 15:55:36+00:00,2022-11-19 15:55:36+00:00,,1402,3,430,1347
291.000000,400,2022-11-19 15:55:36+00:00,2022-11-19 15:55:36+00:00,,1405,3,430,1347
300.000000,400,2022-11-21 07:45:35+00:00,2022-11-21 07:45:35+00:00,,380,3,108,2101
300.000000,400,2022-11-21 07:45:35+00:00,2022-11-21 07:45:35+00:00,,382,3,108,2101
433.000000,400,2022-11-21 07:45:35+00:00,2022-11-21 07:45:35+00:00,,383,3,108,2101
192.000000,400,2022-11-21 07:45:35+00:00,2022-11-21 07:45:35+00:00,,384,3,108,2101
300.000000,400,2022-11-21 07:45:36+00:00,2022-11-21 07:45:36+00:00,,385,3,108,2101
193.000000,400,2022-11-21 07:45:36+00:00,2022-11-21 07:45:36+00:00,,386,3,108,2101
300.000000,400,2022-11-21 07:49:11+00:00,2022-11-21 07:49:11+00:00,,388,3,110,2109
300.000000,400,2022-11-21 07:49:11+00:00,2022-11-21 07:49:11+00:00,,389,3,110,2109
300.000000,400,2022-11-21 07:49:11+00:00,2022-11-21 07:49:11+00:00,,390,3,110,2109
300.000000,400,2022-11-21 07:49:11+00:00,2022-11-21 07:49:11+00:00,,391,3,110,2109
433.000000,400,2022-11-21 07:49:11+00:00,2022-11-21 07:49:11+00:00,,392,3,110,2109
193.000000,400,2022-11-21 07:49:11+00:00,2022-11-21 07:49:11+00:00,,393,3,110,2109
193.000000,400,2022-11-21 07:49:11+00:00,2022-11-21 07:49:11+00:00,,394,3,110,2109
301.000000,400,2022-11-21 07:54:48+00:00,2022-11-21 07:54:48+00:00,,905,3,280,2051
66.000000,400,2022-11-21 07:59:55+00:00,2022-11-21 07:59:55+00:00,,182,3,43,2132
100.000000,400,2022-11-21 07:59:55+00:00,2022-11-21 07:59:55+00:00,,183,3,43,2132
149.000000,400,2022-11-21 07:59:56+00:00,2022-11-21 07:59:56+00:00,,185,3,43,2132
66.000000,400,2022-11-21 07:59:56+00:00,2022-11-21 07:59:56+00:00,,186,3,43,2132
143.000000,400,2022-11-21 08:05:35+00:00,2022-11-21 08:05:35+00:00,,546,3,165,2158
130.000000,400,2022-11-21 08:05:35+00:00,2022-11-21 08:05:35+00:00,,547,3,165,2158
125.000000,400,2022-11-21 08:07:11+00:00,2022-11-21 08:07:11+00:00,,587,3,175,2140
117.000000,400,2022-11-21 08:07:11+00:00,2022-11-21 08:07:11+00:00,,588,3,175,2140
123.000000,400,2022-11-21 08:10:27+00:00,2022-11-21 08:10:27+00:00,,719,3,217,2200
117.000000,400,2022-11-21 08:10:27+00:00,2022-11-21 08:10:27+00:00,,720,3,217,2200
300.000000,400,2022-11-21 08:12:58+00:00,2022-11-21 08:12:58+00:00,,413,3,114,2107
300.000000,400,2022-11-21 08:12:58+00:00,2022-11-21 08:12:58+00:00,,414,3,114,2107
300.000000,400,2022-11-21 08:12:58+00:00,2022-11-21 08:12:58+00:00,,415,3,114,2107
300.000000,400,2022-11-21 08:12:58+00:00,2022-11-21 08:12:58+00:00,,416,3,114,2107
433.000000,400,2022-11-21 08:12:58+00:00,2022-11-21 08:12:58+00:00,,417,3,114,2107
193.000000,400,2022-11-21 08:12:58+00:00,2022-11-21 08:12:58+00:00,,418,3,114,2107
37.000000,400,2022-11-21 08:53:03+00:00,2022-11-21 08:53:03+00:00,,1187,3,370,2148
320.000000,400,2022-11-21 09:17:38+00:00,2022-11-21 09:17:38+00:00,,615,3,182,2163
342.000000,400,2022-11-21 09:17:38+00:00,2022-11-21 09:17:38+00:00,,616,3,182,2163
207.000000,400,2022-11-21 09:17:38+00:00,2022-11-21 09:17:38+00:00,,617,3,182,2163
482.000000,400,2022-11-21 09:17:38+00:00,2022-11-21 09:17:38+00:00,,618,3,182,2163
300.000000,400,2022-11-21 09:17:38+00:00,2022-11-21 09:17:38+00:00,,619,3,182,2163
193.000000,400,2022-11-21 09:17:38+00:00,2022-11-21 09:17:38+00:00,,620,3,182,2163
333.000000,400,2022-11-21 09:19:26+00:00,2022-11-21 09:19:26+00:00,,624,3,185,2164
350.000000,400,2022-11-21 09:19:26+00:00,2022-11-21 09:19:26+00:00,,625,3,185,2164
207.000000,400,2022-11-21 09:19:26+00:00,2022-11-21 09:19:26+00:00,,626,3,185,2164
482.000000,400,2022-11-21 09:19:26+00:00,2022-11-21 09:19:26+00:00,,627,3,185,2164
300.000000,400,2022-11-21 09:19:26+00:00,2022-11-21 09:19:26+00:00,,628,3,185,2164
193.000000,400,2022-11-21 09:19:26+00:00,2022-11-21 09:19:26+00:00,,629,3,185,2164
105.000000,400,2022-11-21 09:21:35+00:00,2022-11-21 09:21:35+00:00,,441,3,129,2149
66.000000,400,2022-11-21 09:21:35+00:00,2022-11-21 09:21:35+00:00,,442,3,129,2149
149.000000,400,2022-11-21 09:21:35+00:00,2022-11-21 09:21:35+00:00,,443,3,129,2149
100.000000,400,2022-11-21 09:21:35+00:00,2022-11-21 09:21:35+00:00,,444,3,129,2149
66.000000,400,2022-11-21 09:21:35+00:00,2022-11-21 09:21:35+00:00,,445,3,129,2149
113.000000,400,2022-11-21 11:14:33+00:00,2022-11-21 11:14:33+00:00,,246,3,60,2129
114.000000,400,2022-11-21 11:14:33+00:00,2022-11-21 11:14:33+00:00,,247,3,60,2129
110.000000,400,2022-11-21 11:14:33+00:00,2022-11-21 11:14:33+00:00,,248,3,60,2129
126.000000,400,2022-11-21 12:29:25+00:00,2022-11-21 12:29:25+00:00,,318,3,82,2116
103.000000,400,2022-11-21 13:16:59+00:00,2022-11-21 13:16:59+00:00,,317,3,82,2116
9379.000000,400,2022-11-22 09:11:26+00:00,2022-11-22 09:11:26+00:00,,519,3,155,1902
10392.000000,400,2022-11-22 09:11:26+00:00,2022-11-22 09:11:26+00:00,,520,3,155,1902
10473.000000,400,2022-11-22 09:11:26+00:00,2022-11-22 09:11:26+00:00,,521,3,155,1902
110.000000,400,2022-11-22 10:42:44+00:00,2022-11-22 10:42:44+00:00,,152,3,33,2134
120.000000,400,2022-11-22 10:42:44+00:00,2022-11-22 10:42:44+00:00,,153,3,33,2134
115.000000,400,2022-11-22 10:42:44+00:00,2022-11-22 10:42:44+00:00,,154,3,33,2134
257.000000,400,2022-11-22 10:45:21+00:00,2022-11-22 10:45:21+00:00,,1197,3,95,2113
257.000000,400,2022-11-22 10:45:21+00:00,2022-11-22 10:45:21+00:00,,1198,3,95,2113
256.000000,400,2022-11-22 10:45:21+00:00,2022-11-22 10:45:21+00:00,,1199,3,95,2113
39.000000,400,2022-11-22 10:46:43+00:00,2022-11-22 10:46:43+00:00,,188,3,44,2132
112.000000,400,2022-11-22 10:47:10+00:00,2022-11-22 10:47:10+00:00,,189,3,45,2132
108.000000,400,2022-11-22 10:47:10+00:00,2022-11-22 10:47:10+00:00,,190,3,45,2132
100.000000,400,2022-11-22 10:51:48+00:00,2022-11-22 10:51:48+00:00,,187,3,44,2132
1260.000000,400,2022-11-22 11:09:13+00:00,2022-11-22 11:09:13+00:00,,1411,3,435,1350
1296.000000,400,2022-11-22 11:09:13+00:00,2022-11-22 11:09:13+00:00,,1412,3,435,1350
1310.000000,400,2022-11-22 11:09:13+00:00,2022-11-22 11:09:13+00:00,,1413,3,435,1350
1260.000000,400,2022-11-22 11:09:13+00:00,2022-11-22 11:09:13+00:00,,1414,3,435,1350
1338.000000,400,2022-11-22 11:09:13+00:00,2022-11-22 11:09:13+00:00,,1415,3,435,1350
1253.000000,400,2022-11-22 11:09:14+00:00,2022-11-22 11:09:14+00:00,,1417,3,435,1350
774.000000,400,2022-11-22 11:09:14+00:00,2022-11-22 11:09:14+00:00,,1420,3,435,1350
645.000000,400,2022-11-22 11:15:46+00:00,2022-11-22 11:15:46+00:00,,1667,3,504,1368
729.000000,400,2022-11-22 11:15:46+00:00,2022-11-22 11:15:46+00:00,,1668,3,504,1368
814.000000,400,2022-11-22 11:15:46+00:00,2022-11-22 11:15:46+00:00,,1669,3,504,1368
749.000000,400,2022-11-22 11:15:46+00:00,2022-11-22 11:15:46+00:00,,1670,3,504,1368
635.000000,400,2022-11-22 11:15:46+00:00,2022-11-22 11:15:46+00:00,,1671,3,504,1368
579.000000,400,2022-11-22 11:15:46+00:00,2022-11-22 11:15:46+00:00,,1673,3,504,1368
382.000000,400,2022-11-22 11:15:46+00:00,2022-11-22 11:15:46+00:00,,1676,3,504,1368
897.000000,400,2022-11-22 11:22:20+00:00,2022-11-22 11:22:20+00:00,,1423,3,438,1352
874.000000,400,2022-11-22 11:22:20+00:00,2022-11-22 11:22:20+00:00,,1424,3,438,1352
910.000000,400,2022-11-22 11:22:20+00:00,2022-11-22 11:22:20+00:00,,1425,3,438,1352
813.000000,400,2022-11-22 11:22:20+00:00,2022-11-22 11:22:20+00:00,,1426,3,438,1352
880.000000,400,2022-11-22 11:22:20+00:00,2022-11-22 11:22:20+00:00,,1427,3,438,1352
803.000000,400,2022-11-22 11:22:20+00:00,2022-11-22 11:22:20+00:00,,1429,3,438,1352
496.000000,400,2022-11-22 11:22:20+00:00,2022-11-22 11:22:20+00:00,,1432,3,438,1352
260.000000,400,2022-11-22 11:26:28+00:00,2022-11-22 11:26:28+00:00,,347,3,94,2113
623.000000,400,2022-11-22 12:19:48+00:00,2022-11-22 12:19:48+00:00,,653,3,193,2174
616.000000,400,2022-11-22 12:20:51+00:00,2022-11-22 12:20:51+00:00,,666,3,197,2175
259.000000,400,2022-11-22 12:23:26+00:00,2022-11-22 12:23:26+00:00,,869,3,265,2228
109.000000,400,2022-11-22 12:35:33+00:00,2022-11-22 12:35:33+00:00,,447,3,130,2149
302.000000,400,2022-11-22 12:59:16+00:00,2022-11-22 12:59:16+00:00,,953,3,303,2250
277.000000,400,2022-11-22 12:59:16+00:00,2022-11-22 12:59:16+00:00,,954,3,303,2250
268.000000,400,2022-11-22 12:59:16+00:00,2022-11-22 12:59:16+00:00,,957,3,303,2250
256.000000,400,2022-11-22 12:59:16+00:00,2022-11-22 12:59:16+00:00,,958,3,303,2250
256.000000,400,2022-11-22 12:59:16+00:00,2022-11-22 12:59:16+00:00,,959,3,303,2250
113.000000,400,2022-11-22 13:01:14+00:00,2022-11-22 13:01:14+00:00,,922,3,289,2222
105.000000,400,2022-11-22 13:01:14+00:00,2022-11-22 13:01:14+00:00,,923,3,289,2222
100.000000,400,2022-11-22 13:01:14+00:00,2022-11-22 13:01:14+00:00,,926,3,289,2222
100.000000,400,2022-11-22 13:01:14+00:00,2022-11-22 13:01:14+00:00,,927,3,289,2222
295.000000,400,2022-11-22 13:04:17+00:00,2022-11-22 13:04:17+00:00,,1058,3,332,2251
285.000000,400,2022-11-22 13:04:17+00:00,2022-11-22 13:04:17+00:00,,1059,3,332,2251
268.000000,400,2022-11-22 13:04:17+00:00,2022-11-22 13:04:17+00:00,,1062,3,332,2251
256.000000,400,2022-11-22 13:04:17+00:00,2022-11-22 13:04:17+00:00,,1063,3,332,2251
242.000000,400,2022-11-22 13:10:27+00:00,2022-11-22 13:10:27+00:00,,1089,3,343,2246
228.000000,400,2022-11-22 13:10:27+00:00,2022-11-22 13:10:27+00:00,,1090,3,343,2246
200.000000,400,2022-11-22 13:10:27+00:00,2022-11-22 13:10:27+00:00,,1093,3,343,2246
128.000000,400,2022-11-22 13:10:27+00:00,2022-11-22 13:10:27+00:00,,1094,3,343,2246
108.000000,400,2022-11-22 13:12:44+00:00,2022-11-22 13:12:44+00:00,,1217,3,380,2240
100.000000,400,2022-11-22 13:12:44+00:00,2022-11-22 13:12:44+00:00,,1220,3,380,2240
66.000000,400,2022-11-22 13:12:44+00:00,2022-11-22 13:12:44+00:00,,1221,3,380,2240
239.000000,400,2022-11-22 13:14:00+00:00,2022-11-22 13:14:00+00:00,,1080,3,340,2245
210.000000,400,2022-11-22 13:14:00+00:00,2022-11-22 13:14:00+00:00,,1081,3,340,2245
200.000000,400,2022-11-22 13:14:00+00:00,2022-11-22 13:14:00+00:00,,1084,3,340,2245
128.000000,400,2022-11-22 13:14:00+00:00,2022-11-22 13:14:00+00:00,,1085,3,340,2245
131.000000,400,2022-11-22 13:33:49+00:00,2022-11-22 13:33:49+00:00,,1270,3,399,2247
136.000000,400,2022-11-22 13:33:49+00:00,2022-11-22 13:33:49+00:00,,1271,3,399,2247
125.000000,400,2022-11-22 13:33:49+00:00,2022-11-22 13:33:49+00:00,,1272,3,399,2247
178.000000,400,2022-11-22 13:33:49+00:00,2022-11-22 13:33:49+00:00,,1274,3,399,2247
33.000000,400,2022-11-22 13:43:55+00:00,2022-11-22 13:43:55+00:00,,1150,3,364,2156
30.000000,400,2022-11-22 13:43:55+00:00,2022-11-22 13:43:55+00:00,,1155,3,364,2156
36.000000,400,2022-11-22 13:51:14+00:00,2022-11-22 13:51:14+00:00,,1160,3,366,2155
36.000000,400,2022-11-22 13:51:14+00:00,2022-11-22 13:51:14+00:00,,1161,3,366,2155
45.000000,400,2022-11-22 13:51:14+00:00,2022-11-22 13:51:14+00:00,,1162,3,366,2155
45.000000,400,2022-11-22 13:51:14+00:00,2022-11-22 13:51:14+00:00,,1163,3,366,2155
35.000000,400,2022-11-22 13:51:14+00:00,2022-11-22 13:51:14+00:00,,1164,3,366,2155
30.000000,400,2022-11-22 13:51:14+00:00,2022-11-22 13:51:14+00:00,,1168,3,366,2155
41.000000,400,2022-11-22 13:51:15+00:00,2022-11-22 13:51:15+00:00,,1170,3,366,2155
18.000000,400,2022-11-22 13:51:15+00:00,2022-11-22 13:51:15+00:00,,1171,3,366,2155
32.000000,400,2022-11-22 13:54:15+00:00,2022-11-22 13:54:15+00:00,,1189,3,372,2138
48.000000,400,2022-11-22 13:54:15+00:00,2022-11-22 13:54:15+00:00,,1190,3,372,2138
35.000000,400,2022-11-22 13:54:15+00:00,2022-11-22 13:54:15+00:00,,1191,3,372,2138
18.000000,400,2022-11-22 13:54:15+00:00,2022-11-22 13:54:15+00:00,,1194,3,372,2138
38.000000,400,2022-11-22 15:11:04+00:00,2022-11-22 15:11:04+00:00,,1173,3,368,2157
40.000000,400,2022-11-22 15:11:04+00:00,2022-11-22 15:11:04+00:00,,1174,3,368,2157
48.000000,400,2022-11-22 15:11:04+00:00,2022-11-22 15:11:04+00:00,,1175,3,368,2157
32.000000,400,2022-11-22 15:11:04+00:00,2022-11-22 15:11:04+00:00,,1176,3,368,2157
33.000000,400,2022-11-22 15:11:04+00:00,2022-11-22 15:11:04+00:00,,1177,3,368,2157
36.000000,400,2022-11-22 15:11:05+00:00,2022-11-22 15:11:05+00:00,,1178,3,368,2157
30.000000,400,2022-11-22 15:11:05+00:00,2022-11-22 15:11:05+00:00,,1179,3,368,2157
5.400000,400,2022-11-22 15:11:05+00:00,2022-11-22 15:11:05+00:00,,1180,3,368,2157
0.400000,400,2022-11-22 15:11:05+00:00,2022-11-22 15:11:05+00:00,,1181,3,368,2157
30.000000,400,2022-11-22 15:11:05+00:00,2022-11-22 15:11:05+00:00,,1182,3,368,2157
21.000000,400,2022-11-22 15:11:05+00:00,2022-11-22 15:11:05+00:00,,1183,3,368,2157
44.000000,400,2022-11-22 15:11:05+00:00,2022-11-22 15:11:05+00:00,,1184,3,368,2157
19.000000,400,2022-11-22 15:11:05+00:00,2022-11-22 15:11:05+00:00,,1185,3,368,2157
38.000000,400,2022-11-22 15:16:18+00:00,2022-11-22 15:16:18+00:00,,1146,3,364,2156
40.000000,400,2022-11-22 15:16:18+00:00,2022-11-22 15:16:18+00:00,,1147,3,364,2156
48.000000,400,2022-11-22 15:16:18+00:00,2022-11-22 15:16:18+00:00,,1148,3,364,2156
32.000000,400,2022-11-22 15:16:18+00:00,2022-11-22 15:16:18+00:00,,1149,3,364,2156
36.000000,400,2022-11-22 15:16:18+00:00,2022-11-22 15:16:18+00:00,,1151,3,364,2156
36.000000,400,2022-11-22 15:16:19+00:00,2022-11-22 15:16:19+00:00,,1152,3,364,2156
6.000000,400,2022-11-22 15:16:19+00:00,2022-11-22 15:16:19+00:00,,1153,3,364,2156
0.400000,400,2022-11-22 15:16:19+00:00,2022-11-22 15:16:19+00:00,,1154,3,364,2156
19.000000,400,2022-11-22 15:16:19+00:00,2022-11-22 15:16:19+00:00,,1158,3,364,2156
109.000000,400,2022-11-22 15:39:01+00:00,2022-11-22 15:39:01+00:00,,1206,3,131,2149
18.000000,400,2022-11-22 15:39:01+00:00,2022-11-22 15:39:01+00:00,,1207,3,131,2149
30.000000,400,2022-11-22 15:43:17+00:00,2022-11-22 15:43:17+00:00,,1165,3,366,2155
6.000000,400,2022-11-22 15:43:17+00:00,2022-11-22 15:43:17+00:00,,1166,3,366,2155
0.400000,400,2022-11-22 15:43:17+00:00,2022-11-22 15:43:17+00:00,,1167,3,366,2155
18.000000,400,2022-11-22 15:43:17+00:00,2022-11-22 15:43:17+00:00,,1169,3,366,2155
20.000000,400,2022-11-22 15:45:18+00:00,2022-11-22 15:45:18+00:00,,1192,3,372,2138
54.000000,400,2022-11-22 15:45:18+00:00,2022-11-22 15:45:18+00:00,,1193,3,372,2138
19.000000,400,2022-11-23 07:32:45+00:00,2022-11-23 07:32:45+00:00,,1156,3,364,2156
44.000000,400,2022-11-23 07:32:46+00:00,2022-11-23 07:32:46+00:00,,1157,3,364,2156
117.000000,400,2022-11-23 08:36:22+00:00,2022-11-23 08:36:22+00:00,,721,3,218,2200
115.000000,400,2022-11-23 08:36:22+00:00,2022-11-23 08:36:22+00:00,,722,3,218,2200
316.000000,400,2022-11-23 08:41:28+00:00,2022-11-23 08:41:28+00:00,,630,3,186,2164
319.000000,400,2022-11-23 08:41:28+00:00,2022-11-23 08:41:28+00:00,,631,3,186,2164
128.000000,400,2022-11-23 08:48:37+00:00,2022-11-23 08:48:37+00:00,,1091,3,343,2246
289.000000,400,2022-11-23 08:48:37+00:00,2022-11-23 08:48:37+00:00,,1092,3,343,2246
79.000000,400,2022-11-23 08:50:18+00:00,2022-11-23 08:50:18+00:00,,1273,3,399,2247
120.000000,400,2022-11-23 08:50:18+00:00,2022-11-23 08:50:18+00:00,,1275,3,399,2247
79.000000,400,2022-11-23 08:50:18+00:00,2022-11-23 08:50:18+00:00,,1276,3,399,2247
128.000000,400,2022-11-23 08:51:35+00:00,2022-11-23 08:51:35+00:00,,1082,3,340,2245
289.000000,400,2022-11-23 08:51:35+00:00,2022-11-23 08:51:35+00:00,,1083,3,340,2245
100.000000,400,2022-11-23 08:52:50+00:00,2022-11-23 08:52:50+00:00,,1218,3,380,2240
149.000000,400,2022-11-23 08:52:50+00:00,2022-11-23 08:52:50+00:00,,1219,3,380,2240
100.000000,400,2022-11-23 09:03:35+00:00,2022-11-23 09:03:35+00:00,,718,3,217,2200
128.000000,400,2022-11-23 09:08:41+00:00,2022-11-23 09:08:41+00:00,,857,3,261,2227
50.000000,400,2022-11-23 09:10:26+00:00,2022-11-23 09:10:26+00:00,,611,3,179,2139
50.000000,400,2022-11-23 09:10:26+00:00,2022-11-23 09:10:26+00:00,,612,3,179,2139
100.000000,400,2022-11-23 09:11:47+00:00,2022-11-23 09:11:47+00:00,,446,3,130,2149
453.000000,400,2022-11-23 09:23:20+00:00,2022-11-23 09:23:20+00:00,,1406,3,431,1347
291.000000,400,2022-11-23 09:26:57+00:00,2022-11-23 09:26:57+00:00,,1403,3,430,1347
495.000000,400,2022-11-23 09:26:57+00:00,2022-11-23 09:26:57+00:00,,1404,3,430,1347
1110.000000,400,2022-11-23 09:48:44+00:00,2022-11-23 09:48:44+00:00,,940,3,294,2231
442.000000,400,2022-11-23 10:00:46+00:00,2022-11-23 10:00:46+00:00,,1428,3,438,1352
530.000000,400,2022-11-23 10:00:46+00:00,2022-11-23 10:00:46+00:00,,1430,3,438,1352
1556.000000,400,2022-11-23 10:00:46+00:00,2022-11-23 10:00:46+00:00,,1431,3,438,1352
803.000000,400,2022-11-23 10:01:26+00:00,2022-11-23 10:01:26+00:00,,1433,3,439,1352
113.000000,400,2022-11-23 10:49:02+00:00,2022-11-23 10:49:02+00:00,,929,3,290,2222
280.000000,400,2022-11-23 10:52:15+00:00,2022-11-23 10:52:15+00:00,,986,3,311,2253
259.000000,400,2022-11-23 10:52:15+00:00,2022-11-23 10:52:15+00:00,,987,3,311,2253
295.000000,400,2022-11-23 10:52:15+00:00,2022-11-23 10:52:15+00:00,,990,3,311,2253
256.000000,400,2022-11-23 10:52:15+00:00,2022-11-23 10:52:15+00:00,,991,3,311,2253
164.000000,400,2022-11-23 10:52:15+00:00,2022-11-23 10:52:15+00:00,,992,3,311,2253
285.000000,400,2022-11-23 10:58:23+00:00,2022-11-23 10:58:23+00:00,,875,3,268,2225
274.000000,400,2022-11-23 10:58:23+00:00,2022-11-23 10:58:23+00:00,,876,3,268,2225
324.000000,400,2022-11-23 10:58:24+00:00,2022-11-23 10:58:24+00:00,,877,3,268,2225
298.000000,400,2022-11-23 11:07:28+00:00,2022-11-23 11:07:28+00:00,,1235,3,387,2266
269.000000,400,2022-11-23 11:07:28+00:00,2022-11-23 11:07:28+00:00,,1236,3,387,2266
268.000000,400,2022-11-23 11:07:28+00:00,2022-11-23 11:07:28+00:00,,1239,3,387,2266
164.000000,400,2022-11-23 11:07:28+00:00,2022-11-23 11:07:28+00:00,,1240,3,387,2266
256.000000,400,2022-11-23 11:07:28+00:00,2022-11-23 11:07:28+00:00,,1241,3,387,2266
261.000000,400,2022-11-23 11:09:54+00:00,2022-11-23 11:09:54+00:00,,1069,3,336,2252
268.000000,400,2022-11-23 11:09:54+00:00,2022-11-23 11:09:54+00:00,,1070,3,336,2252
268.000000,400,2022-11-23 11:09:54+00:00,2022-11-23 11:09:54+00:00,,1073,3,336,2252
256.000000,400,2022-11-23 11:09:54+00:00,2022-11-23 11:09:54+00:00,,1074,3,336,2252
164.000000,400,2022-11-23 11:09:54+00:00,2022-11-23 11:09:54+00:00,,1075,3,336,2252
311.000000,400,2022-11-23 11:12:00+00:00,2022-11-23 11:12:00+00:00,,1246,3,391,2267
261.000000,400,2022-11-23 11:12:00+00:00,2022-11-23 11:12:00+00:00,,1247,3,391,2267
268.000000,400,2022-11-23 11:12:00+00:00,2022-11-23 11:12:00+00:00,,1250,3,391,2267
256.000000,400,2022-11-23 11:12:00+00:00,2022-11-23 11:12:00+00:00,,1251,3,391,2267
164.000000,400,2022-11-23 11:12:00+00:00,2022-11-23 11:12:00+00:00,,1252,3,391,2267
727.000000,400,2022-11-23 11:19:20+00:00,2022-11-23 11:19:20+00:00,,1478,3,446,1354
749.000000,400,2022-11-23 11:19:20+00:00,2022-11-23 11:19:20+00:00,,1479,3,446,1354
770.000000,400,2022-11-23 11:19:20+00:00,2022-11-23 11:19:20+00:00,,1480,3,446,1354
443.000000,400,2022-11-23 11:19:20+00:00,2022-11-23 11:19:20+00:00,,1486,3,446,1354
5710.000000,400,2022-11-23 11:27:55+00:00,2022-11-23 11:27:55+00:00,,726,3,222,2172
5235.000000,400,2022-11-23 11:27:55+00:00,2022-11-23 11:27:55+00:00,,727,3,222,2172
5235.000000,400,2022-11-23 11:27:55+00:00,2022-11-23 11:27:55+00:00,,728,3,222,2172
3630.000000,400,2022-11-23 11:27:55+00:00,2022-11-23 11:27:55+00:00,,732,3,222,2172
254.000000,400,2022-11-23 12:19:00+00:00,2022-11-23 12:19:00+00:00,,779,3,241,2187
209.000000,400,2022-11-23 12:19:00+00:00,2022-11-23 12:19:00+00:00,,780,3,241,2187
240.000000,400,2022-11-23 12:19:00+00:00,2022-11-23 12:19:00+00:00,,783,3,241,2187
132.000000,400,2022-11-23 12:19:00+00:00,2022-11-23 12:19:00+00:00,,784,3,241,2187
164.000000,400,2022-11-23 12:21:16+00:00,2022-11-23 12:21:16+00:00,,1013,3,319,2242
150.000000,400,2022-11-23 12:21:16+00:00,2022-11-23 12:21:16+00:00,,1016,3,319,2242
99.000000,400,2022-11-23 12:21:16+00:00,2022-11-23 12:21:16+00:00,,1017,3,319,2242
206.000000,400,2022-11-23 12:57:23+00:00,2022-11-23 12:57:23+00:00,,778,3,241,2187
703.000000,400,2022-11-23 15:26:09+00:00,2022-11-23 15:26:09+00:00,,1483,3,446,1354
6000.000000,400,2022-11-23 15:28:12+00:00,2022-11-23 15:28:12+00:00,,1128,3,356,2169
3600.000000,400,2022-11-23 15:28:12+00:00,2022-11-23 15:28:12+00:00,,1131,3,356,2169
206.000000,400,2022-11-23 15:31:06+00:00,2022-11-23 15:31:06+00:00,,785,3,242,2187
720.000000,400,2022-11-23 15:33:30+00:00,2022-11-23 15:33:30+00:00,,2205,3,76,2117
644.000000,400,2022-11-23 15:33:30+00:00,2022-11-23 15:33:30+00:00,,2206,3,76,2117
720.000000,400,2022-11-23 15:33:30+00:00,2022-11-23 15:33:30+00:00,,2207,3,76,2117
410.000000,400,2022-11-23 15:34:45+00:00,2022-11-23 15:34:45+00:00,,306,3,79,2118
435.000000,400,2022-11-23 15:34:45+00:00,2022-11-23 15:34:45+00:00,,307,3,79,2118
500.000000,400,2022-11-23 15:34:45+00:00,2022-11-23 15:34:45+00:00,,308,3,79,2118
152.000000,400,2022-11-23 15:41:50+00:00,2022-11-23 15:41:50+00:00,,837,3,257,2226
160.000000,400,2022-11-23 15:41:50+00:00,2022-11-23 15:41:50+00:00,,838,3,257,2226
164.000000,400,2022-11-24 08:29:39+00:00,2022-11-24 08:29:39+00:00,,1071,3,336,2252
400.000000,400,2022-11-24 08:29:39+00:00,2022-11-24 08:29:39+00:00,,1072,3,336,2252
164.000000,400,2022-11-24 08:30:55+00:00,2022-11-24 08:30:55+00:00,,1060,3,332,2251
400.000000,400,2022-11-24 08:30:55+00:00,2022-11-24 08:30:55+00:00,,1061,3,332,2251
164.000000,400,2022-11-24 08:31:54+00:00,2022-11-24 08:31:54+00:00,,955,3,303,2250
400.000000,400,2022-11-24 08:31:54+00:00,2022-11-24 08:31:54+00:00,,956,3,303,2250
998.000000,400,2022-11-24 12:29:16+00:00,2022-11-24 12:29:16+00:00,,1410,3,433,1351
703.000000,400,2022-11-24 12:36:32+00:00,2022-11-24 12:36:32+00:00,,1488,3,447,1354
703.000000,400,2022-11-24 12:36:32+00:00,2022-11-24 12:36:32+00:00,,1489,3,447,1354
3812.000000,400,2022-11-24 12:45:21+00:00,2022-11-24 12:45:21+00:00,,729,3,222,2172
8833.000000,400,2022-11-24 12:45:21+00:00,2022-11-24 12:45:21+00:00,,730,3,222,2172
3200.000000,400,2022-11-24 12:45:21+00:00,2022-11-24 12:45:21+00:00,,731,3,222,2172
183.000000,400,2022-11-24 12:55:09+00:00,2022-11-24 12:55:09+00:00,,2291,3,258,2226
160.000000,400,2022-11-24 12:55:09+00:00,2022-11-24 12:55:09+00:00,,2292,3,258,2226
158.000000,400,2022-11-24 12:55:09+00:00,2022-11-24 12:55:09+00:00,,2293,3,258,2226
157.000000,400,2022-11-24 12:55:09+00:00,2022-11-24 12:55:09+00:00,,2294,3,258,2226
165.000000,400,2022-11-24 12:57:56+00:00,2022-11-24 12:57:56+00:00,,1019,3,320,2242
102.000000,400,2022-11-24 12:59:53+00:00,2022-11-24 12:59:53+00:00,,856,3,261,2227
60.000000,400,2022-11-24 13:02:55+00:00,2022-11-24 13:02:55+00:00,,794,3,245,2224
79.000000,400,2022-11-24 13:02:55+00:00,2022-11-24 13:02:55+00:00,,795,3,245,2224
100.000000,400,2022-11-24 13:04:07+00:00,2022-11-24 13:04:07+00:00,,928,3,290,2222
252.000000,400,2022-11-24 13:07:29+00:00,2022-11-24 13:07:29+00:00,,868,3,265,2228
764.000000,400,2022-11-24 13:26:15+00:00,2022-11-24 13:26:15+00:00,,1739,3,522,1372
780.000000,400,2022-11-24 13:26:15+00:00,2022-11-24 13:26:15+00:00,,1740,3,522,1372
930.000000,400,2022-11-24 13:26:16+00:00,2022-11-24 13:26:16+00:00,,1741,3,522,1372
959.000000,400,2022-11-24 13:26:16+00:00,2022-11-24 13:26:16+00:00,,1742,3,522,1372
753.000000,400,2022-11-24 13:26:16+00:00,2022-11-24 13:26:16+00:00,,1744,3,522,1372
465.000000,400,2022-11-24 13:26:16+00:00,2022-11-24 13:26:16+00:00,,1747,3,522,1372
378.000000,400,2022-11-24 13:29:18+00:00,2022-11-24 13:29:18+00:00,,649,3,192,2174
851.000000,400,2022-11-24 13:29:18+00:00,2022-11-24 13:29:18+00:00,,650,3,192,2174
378.000000,400,2022-11-24 13:31:09+00:00,2022-11-24 13:31:09+00:00,,662,3,196,2175
851.000000,400,2022-11-24 13:31:09+00:00,2022-11-24 13:31:09+00:00,,663,3,196,2175
600.000000,400,2022-11-24 13:35:01+00:00,2022-11-24 13:35:01+00:00,,654,3,194,2174
600.000000,400,2022-11-24 13:35:01+00:00,2022-11-24 13:35:01+00:00,,655,3,194,2174
616.000000,400,2022-11-24 13:35:01+00:00,2022-11-24 13:35:01+00:00,,656,3,194,2174
654.000000,400,2022-11-24 13:35:01+00:00,2022-11-24 13:35:01+00:00,,657,3,194,2174
603.000000,400,2022-11-24 13:36:17+00:00,2022-11-24 13:36:17+00:00,,667,3,198,2175
619.000000,400,2022-11-24 13:36:17+00:00,2022-11-24 13:36:17+00:00,,668,3,198,2175
620.000000,400,2022-11-24 13:36:18+00:00,2022-11-24 13:36:18+00:00,,669,3,198,2175
611.000000,400,2022-11-24 13:36:18+00:00,2022-11-24 13:36:18+00:00,,670,3,198,2175
3955.000000,400,2022-11-24 13:39:30+00:00,2022-11-24 13:39:30+00:00,,1132,3,357,2169
4519.000000,400,2022-11-24 13:39:30+00:00,2022-11-24 13:39:30+00:00,,1133,3,357,2169
164.000000,400,2022-11-24 13:41:44+00:00,2022-11-24 13:41:44+00:00,,1237,3,387,2266
400.000000,400,2022-11-24 13:41:44+00:00,2022-11-24 13:41:44+00:00,,1238,3,387,2266
257.000000,400,2022-11-25 09:11:58+00:00,2022-11-25 09:11:58+00:00,,870,3,266,2228
267.000000,400,2022-11-25 09:11:58+00:00,2022-11-25 09:11:58+00:00,,871,3,266,2228
282.000000,400,2022-11-25 09:11:58+00:00,2022-11-25 09:11:58+00:00,,872,3,266,2228
256.000000,400,2022-11-25 09:11:58+00:00,2022-11-25 09:11:58+00:00,,873,3,266,2228
364.000000,400,2022-11-25 09:16:18+00:00,2022-11-25 09:16:18+00:00,,878,3,268,2225
252.000000,400,2022-11-25 09:17:22+00:00,2022-11-25 09:17:22+00:00,,2296,3,269,2225
105.000000,400,2022-11-25 09:21:02+00:00,2022-11-25 09:21:02+00:00,,2302,3,262,2227
119.000000,400,2022-11-25 09:21:02+00:00,2022-11-25 09:21:02+00:00,,2303,3,262,2227
119.000000,400,2022-11-25 09:21:02+00:00,2022-11-25 09:21:02+00:00,,2304,3,262,2227
116.000000,400,2022-11-25 09:21:02+00:00,2022-11-25 09:21:02+00:00,,2305,3,262,2227
953.000000,400,2022-11-25 09:44:12+00:00,2022-11-25 09:44:12+00:00,,1496,3,451,1356
953.000000,400,2022-11-25 09:44:12+00:00,2022-11-25 09:44:12+00:00,,1497,3,451,1356
653.000000,400,2022-11-25 09:45:22+00:00,2022-11-25 09:45:22+00:00,,1492,3,449,1355
653.000000,400,2022-11-25 09:45:22+00:00,2022-11-25 09:45:22+00:00,,1493,3,449,1355
803.000000,400,2022-11-25 09:48:30+00:00,2022-11-25 09:48:30+00:00,,1475,3,444,1357
803.000000,400,2022-11-25 09:48:30+00:00,2022-11-25 09:48:30+00:00,,1476,3,444,1357
132.000000,400,2022-11-25 09:50:01+00:00,2022-11-25 09:50:01+00:00,,781,3,241,2187
322.000000,400,2022-11-25 09:50:01+00:00,2022-11-25 09:50:01+00:00,,782,3,241,2187
312.000000,400,2022-11-25 09:58:20+00:00,2022-11-25 09:58:20+00:00,,621,3,183,2163
311.000000,400,2022-11-25 09:58:20+00:00,2022-11-25 09:58:20+00:00,,622,3,183,2163
1094.000000,400,2022-11-25 10:01:11+00:00,2022-11-25 10:01:11+00:00,,1104,3,349,1381
1105.000000,400,2022-11-25 10:01:11+00:00,2022-11-25 10:01:11+00:00,,1105,3,349,1381
1344.000000,400,2022-11-25 10:01:11+00:00,2022-11-25 10:01:11+00:00,,1106,3,349,1381
1068.000000,400,2022-11-25 10:01:11+00:00,2022-11-25 10:01:11+00:00,,1107,3,349,1381
1137.000000,400,2022-11-25 10:01:11+00:00,2022-11-25 10:01:11+00:00,,1108,3,349,1381
1053.000000,400,2022-11-25 10:01:11+00:00,2022-11-25 10:01:11+00:00,,1110,3,349,1381
819.000000,400,2022-11-25 10:03:34+00:00,2022-11-25 10:03:34+00:00,,1750,3,525,1373
858.000000,400,2022-11-25 10:03:34+00:00,2022-11-25 10:03:34+00:00,,1751,3,525,1373
821.000000,400,2022-11-25 10:03:34+00:00,2022-11-25 10:03:34+00:00,,1752,3,525,1373
891.000000,400,2022-11-25 10:03:34+00:00,2022-11-25 10:03:34+00:00,,1753,3,525,1373
803.000000,400,2022-11-25 10:03:34+00:00,2022-11-25 10:03:34+00:00,,1755,3,525,1373
2880.000000,400,2022-11-25 10:05:41+00:00,2022-11-25 10:05:41+00:00,,731,3,222,2172
273.000000,400,2022-11-25 10:26:41+00:00,2022-11-25 10:26:41+00:00,,2300,3,270,2225
273.000000,400,2022-11-25 10:26:41+00:00,2022-11-25 10:26:41+00:00,,2301,3,270,2225
800.000000,400,2022-11-25 13:53:50+00:00,2022-11-25 13:53:50+00:00,,997,3,315,2241
601.000000,400,2022-11-25 13:53:50+00:00,2022-11-25 13:53:50+00:00,,998,3,315,2241
379.000000,400,2022-11-25 13:53:50+00:00,2022-11-25 13:53:50+00:00,,1002,3,315,2241
112.000000,400,2022-11-25 14:00:40+00:00,2022-11-25 14:00:40+00:00,,2134,3,629,2283
70.000000,400,2022-11-25 14:00:40+00:00,2022-11-25 14:00:40+00:00,,2138,3,629,2283
108.000000,400,2022-11-25 14:02:32+00:00,2022-11-25 14:02:32+00:00,,2101,3,617,2284
101.000000,400,2022-11-25 14:02:33+00:00,2022-11-25 14:02:33+00:00,,2104,3,617,2284
67.000000,400,2022-11-25 14:02:33+00:00,2022-11-25 14:02:33+00:00,,2105,3,617,2284
108.000000,400,2022-11-25 14:13:22+00:00,2022-11-25 14:13:22+00:00,,2007,3,589,2289
116.000000,400,2022-11-25 14:13:23+00:00,2022-11-25 14:13:23+00:00,,2008,3,589,2289
116.000000,400,2022-11-25 14:13:23+00:00,2022-11-25 14:13:23+00:00,,2009,3,589,2289
66.000000,400,2022-11-25 14:13:23+00:00,2022-11-25 14:13:23+00:00,,2012,3,589,2289
100.000000,400,2022-11-25 14:13:23+00:00,2022-11-25 14:13:23+00:00,,2013,3,589,2289
130.000000,400,2022-11-25 14:15:36+00:00,2022-11-25 14:15:36+00:00,,973,3,307,2255
118.000000,400,2022-11-25 14:15:36+00:00,2022-11-25 14:15:36+00:00,,974,3,307,2255
110.000000,400,2022-11-25 14:15:36+00:00,2022-11-25 14:15:36+00:00,,975,3,307,2255
66.000000,400,2022-11-25 14:15:36+00:00,2022-11-25 14:15:36+00:00,,979,3,307,2255
55.000000,400,2022-11-25 14:15:36+00:00,2022-11-25 14:15:36+00:00,,980,3,307,2255
50.000000,400,2022-11-25 15:02:19+00:00,2022-11-25 15:02:19+00:00,,809,3,249,2221
73.000000,400,2022-11-25 15:02:19+00:00,2022-11-25 15:02:19+00:00,,810,3,249,2221
322.000000,400,2022-11-25 15:09:23+00:00,2022-11-25 15:09:23+00:00,,2086,3,610,2288
256.000000,400,2022-11-25 15:55:23+00:00,2022-11-25 15:55:23+00:00,,1586,3,479,2275
262.000000,400,2022-11-25 15:55:23+00:00,2022-11-25 15:55:23+00:00,,1587,3,479,2275
260.000000,400,2022-11-25 15:55:23+00:00,2022-11-25 15:55:23+00:00,,1590,3,479,2275
161.000000,400,2022-11-25 15:55:23+00:00,2022-11-25 15:55:23+00:00,,1591,3,479,2275
256.000000,400,2022-11-25 15:57:22+00:00,2022-11-25 15:57:22+00:00,,1598,3,483,2273
262.000000,400,2022-11-25 15:57:22+00:00,2022-11-25 15:57:22+00:00,,1599,3,483,2273
260.000000,400,2022-11-25 15:57:22+00:00,2022-11-25 15:57:22+00:00,,1602,3,483,2273
166.000000,400,2022-11-25 15:57:22+00:00,2022-11-25 15:57:22+00:00,,1603,3,483,2273
212.000000,400,2022-11-25 16:00:04+00:00,2022-11-25 16:00:04+00:00,,1026,3,323,2244
217.000000,400,2022-11-25 16:00:04+00:00,2022-11-25 16:00:04+00:00,,1027,3,323,2244
133.000000,400,2022-11-25 16:00:04+00:00,2022-11-25 16:00:04+00:00,,1029,3,323,2244
230.000000,400,2022-11-25 16:00:04+00:00,2022-11-25 16:00:04+00:00,,1030,3,323,2244
522.000000,400,2022-11-25 16:02:42+00:00,2022-11-25 16:02:42+00:00,,1038,3,327,2243
541.000000,400,2022-11-25 16:02:42+00:00,2022-11-25 16:02:42+00:00,,1039,3,327,2243
315.000000,400,2022-11-25 16:02:42+00:00,2022-11-25 16:02:42+00:00,,1041,3,327,2243
500.000000,400,2022-11-25 16:02:42+00:00,2022-11-25 16:02:42+00:00,,1042,3,327,2243
113.000000,400,2022-11-26 07:37:56+00:00,2022-11-26 07:37:56+00:00,,1553,3,465,2270
116.000000,400,2022-11-26 07:37:56+00:00,2022-11-26 07:37:56+00:00,,1554,3,465,2270
105.000000,400,2022-11-26 07:37:56+00:00,2022-11-26 07:37:56+00:00,,1555,3,465,2270
100.000000,400,2022-11-26 07:37:56+00:00,2022-11-26 07:37:56+00:00,,1558,3,465,2270
66.000000,400,2022-11-26 07:37:56+00:00,2022-11-26 07:37:56+00:00,,1559,3,465,2270
124.000000,400,2022-11-26 07:39:28+00:00,2022-11-26 07:39:28+00:00,,1543,3,461,2269
119.000000,400,2022-11-26 07:39:28+00:00,2022-11-26 07:39:28+00:00,,1544,3,461,2269
123.000000,400,2022-11-26 07:39:28+00:00,2022-11-26 07:39:28+00:00,,1545,3,461,2269
160.000000,400,2022-11-26 07:39:28+00:00,2022-11-26 07:39:28+00:00,,1547,3,461,2269
100.000000,400,2022-11-26 07:39:28+00:00,2022-11-26 07:39:28+00:00,,1548,3,461,2269
66.000000,400,2022-11-26 07:39:28+00:00,2022-11-26 07:39:28+00:00,,1549,3,461,2269
110.000000,400,2022-11-26 07:40:58+00:00,2022-11-26 07:40:58+00:00,,2189,3,645,2294
66.000000,400,2022-11-26 07:40:58+00:00,2022-11-26 07:40:58+00:00,,2193,3,645,2294
109.000000,400,2022-11-26 07:42:57+00:00,2022-11-26 07:42:57+00:00,,2144,3,633,2291
109.000000,400,2022-11-26 07:42:57+00:00,2022-11-26 07:42:57+00:00,,2145,3,633,2291
66.000000,400,2022-11-26 07:42:57+00:00,2022-11-26 07:42:57+00:00,,2149,3,633,2291
109.000000,400,2022-11-26 07:45:12+00:00,2022-11-26 07:45:12+00:00,,1257,3,395,2272
114.000000,400,2022-11-26 07:45:12+00:00,2022-11-26 07:45:12+00:00,,1258,3,395,2272
115.000000,400,2022-11-26 07:45:12+00:00,2022-11-26 07:45:12+00:00,,1259,3,395,2272
106.000000,400,2022-11-26 07:48:46+00:00,2022-11-26 07:48:46+00:00,,2018,3,593,2290
127.000000,400,2022-11-26 07:48:46+00:00,2022-11-26 07:48:46+00:00,,2019,3,593,2290
108.000000,400,2022-11-26 07:48:46+00:00,2022-11-26 07:48:46+00:00,,2020,3,593,2290
66.000000,400,2022-11-26 07:48:46+00:00,2022-11-26 07:48:46+00:00,,2024,3,593,2290
100.000000,400,2022-11-26 07:49:13+00:00,2022-11-26 07:49:13+00:00,,2023,3,593,2290
358.000000,400,2022-11-26 08:04:20+00:00,2022-11-26 08:04:20+00:00,,1811,3,541,1376
357.000000,400,2022-11-26 08:04:20+00:00,2022-11-26 08:04:20+00:00,,1812,3,541,1376
360.000000,400,2022-11-26 08:04:21+00:00,2022-11-26 08:04:21+00:00,,1813,3,541,1376
380.000000,400,2022-11-26 08:04:21+00:00,2022-11-26 08:04:21+00:00,,1814,3,541,1376
353.000000,400,2022-11-26 08:04:21+00:00,2022-11-26 08:04:21+00:00,,1818,3,541,1376
222.000000,400,2022-11-26 08:04:21+00:00,2022-11-26 08:04:21+00:00,,1821,3,541,1376
371.000000,400,2022-11-26 08:06:27+00:00,2022-11-26 08:06:27+00:00,,1797,3,537,1377
364.000000,400,2022-11-26 08:06:27+00:00,2022-11-26 08:06:27+00:00,,1798,3,537,1377
381.000000,400,2022-11-26 08:06:27+00:00,2022-11-26 08:06:27+00:00,,1799,3,537,1377
375.000000,400,2022-11-26 08:06:27+00:00,2022-11-26 08:06:27+00:00,,1800,3,537,1377
353.000000,400,2022-11-26 08:06:27+00:00,2022-11-26 08:06:27+00:00,,1804,3,537,1377
505.000000,400,2022-11-26 08:06:27+00:00,2022-11-26 08:06:27+00:00,,1807,3,537,1377
678.000000,400,2022-11-26 08:10:12+00:00,2022-11-26 08:10:12+00:00,,565,3,171,1360
680.000000,400,2022-11-26 08:10:12+00:00,2022-11-26 08:10:12+00:00,,566,3,171,1360
670.000000,400,2022-11-26 08:10:12+00:00,2022-11-26 08:10:12+00:00,,567,3,171,1360
670.000000,400,2022-11-26 08:10:12+00:00,2022-11-26 08:10:12+00:00,,568,3,171,1360
670.000000,400,2022-11-26 08:10:12+00:00,2022-11-26 08:10:12+00:00,,569,3,171,1360
603.000000,400,2022-11-26 08:10:12+00:00,2022-11-26 08:10:12+00:00,,572,3,171,1360
1234.000000,400,2022-11-26 08:10:12+00:00,2022-11-26 08:10:12+00:00,,573,3,171,1360
411.000000,400,2022-11-26 08:10:12+00:00,2022-11-26 08:10:12+00:00,,574,3,171,1360
637.000000,400,2022-11-26 08:12:54+00:00,2022-11-26 08:12:54+00:00,,552,3,168,1361
640.000000,400,2022-11-26 08:12:54+00:00,2022-11-26 08:12:54+00:00,,553,3,168,1361
640.000000,400,2022-11-26 08:12:54+00:00,2022-11-26 08:12:54+00:00,,554,3,168,1361
623.000000,400,2022-11-26 08:12:54+00:00,2022-11-26 08:12:54+00:00,,555,3,168,1361
623.000000,400,2022-11-26 08:12:54+00:00,2022-11-26 08:12:54+00:00,,556,3,168,1361
603.000000,400,2022-11-26 08:12:54+00:00,2022-11-26 08:12:54+00:00,,559,3,168,1361
380.000000,400,2022-11-26 08:12:55+00:00,2022-11-26 08:12:55+00:00,,562,3,168,1361
721.000000,400,2022-11-26 08:15:48+00:00,2022-11-26 08:15:48+00:00,,1435,3,410,1344
759.000000,400,2022-11-26 08:15:48+00:00,2022-11-26 08:15:48+00:00,,1437,3,410,1344
763.000000,400,2022-11-26 08:15:49+00:00,2022-11-26 08:15:49+00:00,,1438,3,410,1344
1075.000000,400,2022-11-26 08:18:21+00:00,2022-11-26 08:18:21+00:00,,1461,3,441,1353
1110.000000,400,2022-11-26 08:18:21+00:00,2022-11-26 08:18:21+00:00,,1462,3,441,1353
1155.000000,400,2022-11-26 08:18:21+00:00,2022-11-26 08:18:21+00:00,,1463,3,441,1353
579.000000,400,2022-11-26 08:18:21+00:00,2022-11-26 08:18:21+00:00,,1465,3,441,1353
1053.000000,400,2022-11-26 08:18:21+00:00,2022-11-26 08:18:21+00:00,,1466,3,441,1353
651.000000,400,2022-11-26 08:18:21+00:00,2022-11-26 08:18:21+00:00,,1469,3,441,1353
600.000000,400,2022-11-28 07:54:15+00:00,2022-11-28 07:54:15+00:00,,652,3,193,2174
508.000000,400,2022-11-28 08:23:58+00:00,2022-11-28 08:23:58+00:00,,701,3,212,2176
570.000000,400,2022-11-28 08:23:58+00:00,2022-11-28 08:23:58+00:00,,702,3,212,2176
530.000000,400,2022-11-28 08:23:58+00:00,2022-11-28 08:23:58+00:00,,705,3,212,2176
501.000000,400,2022-11-28 08:23:58+00:00,2022-11-28 08:23:58+00:00,,706,3,212,2176
316.000000,400,2022-11-28 08:23:58+00:00,2022-11-28 08:23:58+00:00,,707,3,212,2176
66.000000,400,2022-11-28 08:27:08+00:00,2022-11-28 08:27:08+00:00,,1260,3,395,2272
149.000000,400,2022-11-28 08:27:08+00:00,2022-11-28 08:27:08+00:00,,1261,3,395,2272
100.000000,400,2022-11-28 08:27:08+00:00,2022-11-28 08:27:08+00:00,,1262,3,395,2272
66.000000,400,2022-11-28 08:27:08+00:00,2022-11-28 08:27:08+00:00,,1263,3,395,2272
106.000000,400,2022-11-28 08:28:37+00:00,2022-11-28 08:28:37+00:00,,2137,3,629,2283
106.000000,400,2022-11-28 08:29:40+00:00,2022-11-28 08:29:40+00:00,,2140,3,630,2283
100.000000,400,2022-11-28 08:34:22+00:00,2022-11-28 08:34:22+00:00,,2148,3,633,2291
100.000000,400,2022-11-28 08:35:14+00:00,2022-11-28 08:35:14+00:00,,2192,3,645,2294
1001.000000,400,2022-11-28 09:07:10+00:00,2022-11-28 09:07:10+00:00,,933,3,293,2231
1001.000000,400,2022-11-28 09:07:10+00:00,2022-11-28 09:07:10+00:00,,934,3,293,2231
661.000000,400,2022-11-28 09:07:10+00:00,2022-11-28 09:07:10+00:00,,935,3,293,2231
1608.000000,400,2022-11-28 09:07:10+00:00,2022-11-28 09:07:10+00:00,,936,3,293,2231
619.000000,400,2022-11-28 09:07:10+00:00,2022-11-28 09:07:10+00:00,,937,3,293,2231
1001.000000,400,2022-11-28 09:07:10+00:00,2022-11-28 09:07:10+00:00,,938,3,293,2231
1001.000000,400,2022-11-28 09:07:25+00:00,2022-11-28 09:07:25+00:00,,939,3,294,2231
1016.000000,400,2022-11-28 09:08:14+00:00,2022-11-28 09:08:14+00:00,,941,3,295,2231
1069.000000,400,2022-11-28 09:08:15+00:00,2022-11-28 09:08:15+00:00,,942,3,295,2231
272.000000,400,2022-11-28 09:19:02+00:00,2022-11-28 09:19:02+00:00,,1593,3,480,2275
263.000000,400,2022-11-28 09:20:02+00:00,2022-11-28 09:20:02+00:00,,1605,3,484,2273
251.000000,400,2022-11-28 09:21:18+00:00,2022-11-28 09:21:18+00:00,,1604,3,484,2273
202.000000,400,2022-11-28 09:25:26+00:00,2022-11-28 09:25:26+00:00,,1031,3,324,2244
222.000000,400,2022-11-28 09:25:26+00:00,2022-11-28 09:25:26+00:00,,1032,3,324,2244
150.000000,400,2022-11-28 09:28:27+00:00,2022-11-28 09:28:27+00:00,,1018,3,320,2242
553.000000,400,2022-11-28 09:43:01+00:00,2022-11-28 09:43:01+00:00,,1109,3,349,1381
2.000000,400,2022-11-28 09:43:01+00:00,2022-11-28 09:43:01+00:00,,1110,3,349,1381
632.000000,400,2022-11-28 09:43:01+00:00,2022-11-28 09:43:01+00:00,,1111,3,349,1381
2053.000000,400,2022-11-28 09:43:01+00:00,2022-11-28 09:43:01+00:00,,1112,3,349,1381
663.000000,400,2022-11-28 09:43:01+00:00,2022-11-28 09:43:01+00:00,,1113,3,349,1381
1053.000000,400,2022-11-28 09:43:56+00:00,2022-11-28 09:43:56+00:00,,1115,3,350,1381
653.000000,400,2022-11-28 09:45:25+00:00,2022-11-28 09:45:25+00:00,,1491,3,449,1355
600.000000,400,2022-11-28 12:46:34+00:00,2022-11-28 12:46:34+00:00,,665,3,197,2175
299.000000,400,2022-11-28 13:52:30+00:00,2022-11-28 13:52:30+00:00,,1224,3,383,2265
279.000000,400,2022-11-28 13:52:30+00:00,2022-11-28 13:52:30+00:00,,1225,3,383,2265
268.000000,400,2022-11-28 13:52:30+00:00,2022-11-28 13:52:30+00:00,,1228,3,383,2265
256.000000,400,2022-11-28 13:52:30+00:00,2022-11-28 13:52:30+00:00,,1229,3,383,2265
164.000000,400,2022-11-28 13:52:30+00:00,2022-11-28 13:52:30+00:00,,1230,3,383,2265
51.000000,400,2022-11-29 09:20:39+00:00,2022-11-29 09:20:39+00:00,,2208,3,176,2140
57.000000,400,2022-11-29 09:20:39+00:00,2022-11-29 09:20:39+00:00,,2209,3,176,2140
51.000000,400,2022-11-29 09:22:18+00:00,2022-11-29 09:22:18+00:00,,2211,3,180,2139
57.000000,400,2022-11-29 09:22:18+00:00,2022-11-29 09:22:18+00:00,,2212,3,180,2139
166.000000,400,2022-11-29 09:24:56+00:00,2022-11-29 09:24:56+00:00,,1600,3,483,2273
373.000000,400,2022-11-29 09:24:56+00:00,2022-11-29 09:24:56+00:00,,1601,3,483,2273
255.000000,400,2022-11-29 09:26:08+00:00,2022-11-29 09:26:08+00:00,,1606,3,485,2273
273.000000,400,2022-11-29 09:26:08+00:00,2022-11-29 09:26:08+00:00,,1607,3,485,2273
259.000000,400,2022-11-29 09:26:08+00:00,2022-11-29 09:26:08+00:00,,1608,3,485,2273
2.000000,400,2022-11-29 10:03:30+00:00,2022-11-29 10:03:30+00:00,,923,3,289,2222
66.000000,400,2022-11-29 10:03:30+00:00,2022-11-29 10:03:30+00:00,,924,3,289,2222
149.000000,400,2022-11-29 10:03:30+00:00,2022-11-29 10:03:30+00:00,,925,3,289,2222
103.000000,400,2022-11-29 10:04:13+00:00,2022-11-29 10:04:13+00:00,,930,3,291,2222
103.000000,400,2022-11-29 10:04:13+00:00,2022-11-29 10:04:13+00:00,,931,3,291,2222
161.000000,400,2022-11-29 10:06:58+00:00,2022-11-29 10:06:58+00:00,,1588,3,479,2275
363.000000,400,2022-11-29 10:06:59+00:00,2022-11-29 10:06:59+00:00,,1589,3,479,2275
251.000000,400,2022-11-29 10:07:31+00:00,2022-11-29 10:07:31+00:00,,1592,3,480,2275
257.000000,400,2022-11-29 10:08:18+00:00,2022-11-29 10:08:18+00:00,,1594,3,481,2275
274.000000,400,2022-11-29 10:08:18+00:00,2022-11-29 10:08:18+00:00,,1595,3,481,2275
251.000000,400,2022-11-29 10:08:18+00:00,2022-11-29 10:08:18+00:00,,1596,3,481,2275
683.000000,400,2022-11-29 10:11:16+00:00,2022-11-29 10:11:16+00:00,,2401,3,189,2173
66.000000,400,2022-11-29 10:20:16+00:00,2022-11-29 10:20:16+00:00,,976,3,307,2255
149.000000,400,2022-11-29 10:20:16+00:00,2022-11-29 10:20:16+00:00,,977,3,307,2255
110.000000,400,2022-11-29 10:20:16+00:00,2022-11-29 10:20:16+00:00,,978,3,307,2255
128.000000,400,2022-11-29 10:24:08+00:00,2022-11-29 10:24:08+00:00,,1995,3,585,2286
123.000000,400,2022-11-29 10:24:08+00:00,2022-11-29 10:24:08+00:00,,1996,3,585,2286
55.000000,400,2022-11-29 10:24:08+00:00,2022-11-29 10:24:08+00:00,,1997,3,585,2286
61.000000,400,2022-11-29 10:24:08+00:00,2022-11-29 10:24:08+00:00,,2000,3,585,2286
274.000000,400,2022-11-29 10:32:29+00:00,2022-11-29 10:32:29+00:00,,961,3,305,2250
276.000000,400,2022-11-29 10:32:29+00:00,2022-11-29 10:32:29+00:00,,962,3,305,2250
264.000000,400,2022-11-29 10:34:28+00:00,2022-11-29 10:34:28+00:00,,1243,3,389,2266
274.000000,400,2022-11-29 10:34:28+00:00,2022-11-29 10:34:28+00:00,,1244,3,389,2266
164.000000,400,2022-11-29 10:43:41+00:00,2022-11-29 10:43:41+00:00,,1064,3,332,2251
294.000000,400,2022-11-29 10:45:13+00:00,2022-11-29 10:45:13+00:00,,1066,3,334,2251
275.000000,400,2022-11-29 10:45:13+00:00,2022-11-29 10:45:13+00:00,,1067,3,334,2251
256.000000,400,2022-11-29 10:45:43+00:00,2022-11-29 10:45:43+00:00,,1065,3,333,2251
120.000000,400,2022-11-29 13:51:38+00:00,2022-11-29 13:51:38+00:00,,548,3,166,2158
117.000000,400,2022-11-29 13:51:38+00:00,2022-11-29 13:51:38+00:00,,549,3,166,2158
117.000000,400,2022-11-29 13:51:38+00:00,2022-11-29 13:51:38+00:00,,550,3,166,2158
257.000000,400,2022-11-29 13:54:58+00:00,2022-11-29 13:54:58+00:00,,1077,3,338,2252
264.000000,400,2022-11-29 13:54:58+00:00,2022-11-29 13:54:58+00:00,,1078,3,338,2252
268.000000,400,2022-11-29 13:56:08+00:00,2022-11-29 13:56:08+00:00,,1254,3,393,2267
270.000000,400,2022-11-29 13:56:08+00:00,2022-11-29 13:56:08+00:00,,1255,3,393,2267
164.000000,400,2022-11-29 13:58:54+00:00,2022-11-29 13:58:54+00:00,,1226,3,383,2265
400.000000,400,2022-11-29 13:58:54+00:00,2022-11-29 13:58:54+00:00,,1227,3,383,2265
256.000000,400,2022-11-29 14:05:13+00:00,2022-11-29 14:05:13+00:00,,960,3,304,2250
164.000000,400,2022-11-29 14:07:34+00:00,2022-11-29 14:07:34+00:00,,1248,3,391,2267
400.000000,400,2022-11-29 14:07:34+00:00,2022-11-29 14:07:34+00:00,,1249,3,391,2267
256.000000,400,2022-11-29 14:07:58+00:00,2022-11-29 14:07:58+00:00,,1253,3,392,2267
108.000000,400,2022-11-29 14:10:44+00:00,2022-11-29 14:10:44+00:00,,1574,3,475,2274
106.000000,400,2022-11-29 14:10:44+00:00,2022-11-29 14:10:44+00:00,,1575,3,475,2274
67.000000,400,2022-11-29 14:10:44+00:00,2022-11-29 14:10:44+00:00,,1576,3,475,2274
150.000000,400,2022-11-29 14:10:44+00:00,2022-11-29 14:10:44+00:00,,1577,3,475,2274
101.000000,400,2022-11-29 14:10:44+00:00,2022-11-29 14:10:44+00:00,,1578,3,475,2274
67.000000,400,2022-11-29 14:10:44+00:00,2022-11-29 14:10:44+00:00,,1579,3,475,2274
317.000000,400,2022-11-29 14:14:39+00:00,2022-11-29 14:14:39+00:00,,557,3,168,1361
728.000000,400,2022-11-29 14:14:39+00:00,2022-11-29 14:14:39+00:00,,558,3,168,1361
380.000000,400,2022-11-29 14:14:39+00:00,2022-11-29 14:14:39+00:00,,560,3,168,1361
1139.000000,400,2022-11-29 14:14:39+00:00,2022-11-29 14:14:39+00:00,,561,3,168,1361
2.000000,400,2022-11-29 14:14:39+00:00,2022-11-29 14:14:39+00:00,,562,3,168,1361
343.000000,400,2022-11-29 14:15:47+00:00,2022-11-29 14:15:47+00:00,,570,3,171,1360
686.000000,400,2022-11-29 14:15:47+00:00,2022-11-29 14:15:47+00:00,,571,3,171,1360
106.000000,400,2022-11-29 14:18:37+00:00,2022-11-29 14:18:37+00:00,,826,3,253,2220
118.000000,400,2022-11-29 14:19:55+00:00,2022-11-29 14:19:55+00:00,,972,3,308,2255
164.000000,400,2022-11-29 14:21:22+00:00,2022-11-29 14:21:22+00:00,,988,3,311,2253
400.000000,400,2022-11-29 14:21:22+00:00,2022-11-29 14:21:22+00:00,,989,3,311,2253
2.000000,400,2022-11-29 14:28:37+00:00,2022-11-29 14:28:37+00:00,,1545,3,461,2269
66.000000,400,2022-11-29 14:28:37+00:00,2022-11-29 14:28:37+00:00,,1546,3,461,2269
66.000000,400,2022-11-29 14:29:43+00:00,2022-11-29 14:29:43+00:00,,1556,3,465,2270
160.000000,400,2022-11-29 14:29:43+00:00,2022-11-29 14:29:43+00:00,,1557,3,465,2270
600.000000,400,2022-11-30 07:50:15+00:00,2022-11-30 07:50:15+00:00,,2394,3,188,2173
660.000000,400,2022-11-30 07:50:15+00:00,2022-11-30 07:50:15+00:00,,2395,3,188,2173
625.000000,400,2022-11-30 07:50:15+00:00,2022-11-30 07:50:15+00:00,,2396,3,188,2173
378.000000,400,2022-11-30 07:50:15+00:00,2022-11-30 07:50:15+00:00,,2397,3,188,2173
851.000000,400,2022-11-30 07:50:15+00:00,2022-11-30 07:50:15+00:00,,2398,3,188,2173
378.000000,400,2022-11-30 07:50:15+00:00,2022-11-30 07:50:15+00:00,,2399,3,188,2173
103.000000,400,2022-11-30 07:53:55+00:00,2022-11-30 07:53:55+00:00,,1208,3,377,2238
119.000000,400,2022-11-30 07:53:55+00:00,2022-11-30 07:53:55+00:00,,1209,3,377,2238
138.000000,400,2022-11-30 07:53:55+00:00,2022-11-30 07:53:55+00:00,,1210,3,377,2238
66.000000,400,2022-11-30 07:53:56+00:00,2022-11-30 07:53:56+00:00,,1211,3,377,2238
161.000000,400,2022-11-30 07:53:56+00:00,2022-11-30 07:53:56+00:00,,1212,3,377,2238
100.000000,400,2022-11-30 07:53:56+00:00,2022-11-30 07:53:56+00:00,,1213,3,377,2238
66.000000,400,2022-11-30 07:53:56+00:00,2022-11-30 07:53:56+00:00,,1214,3,377,2238
10.000000,400,2022-11-30 07:54:46+00:00,2022-11-30 07:54:46+00:00,,1213,3,377,2238
578.000000,400,2022-11-30 08:00:46+00:00,2022-11-30 08:00:46+00:00,,1044,3,328,2243
559.000000,400,2022-11-30 08:00:46+00:00,2022-11-30 08:00:46+00:00,,1045,3,328,2243
140.000000,400,2022-11-30 08:03:04+00:00,2022-11-30 08:03:04+00:00,,1098,3,346,2230
107.000000,400,2022-11-30 08:03:04+00:00,2022-11-30 08:03:04+00:00,,1099,3,346,2230
118.000000,400,2022-11-30 08:03:04+00:00,2022-11-30 08:03:04+00:00,,1100,3,346,2230
149.000000,400,2022-11-30 08:03:04+00:00,2022-11-30 08:03:04+00:00,,1101,3,346,2230
120.000000,400,2022-11-30 08:05:20+00:00,2022-11-30 08:05:20+00:00,,2270,3,667,2303
118.000000,400,2022-11-30 08:05:20+00:00,2022-11-30 08:05:20+00:00,,2271,3,667,2303
75.000000,400,2022-11-30 08:05:21+00:00,2022-11-30 08:05:21+00:00,,2272,3,667,2303
91.000000,400,2022-11-30 08:05:21+00:00,2022-11-30 08:05:21+00:00,,2273,3,667,2303
75.000000,400,2022-11-30 08:05:21+00:00,2022-11-30 08:05:21+00:00,,2274,3,667,2303
3600.000000,400,2022-11-30 08:07:38+00:00,2022-11-30 08:07:38+00:00,,1129,3,356,2169
8100.000000,400,2022-11-30 08:07:38+00:00,2022-11-30 08:07:38+00:00,,1130,3,356,2169
73.000000,400,2022-11-30 10:23:31+00:00,2022-11-30 10:23:31+00:00,,802,3,248,2221
66.000000,400,2022-11-30 10:23:31+00:00,2022-11-30 10:23:31+00:00,,803,3,248,2221
56.000000,400,2022-11-30 10:23:31+00:00,2022-11-30 10:23:31+00:00,,804,3,248,2221
33.000000,400,2022-11-30 10:23:32+00:00,2022-11-30 10:23:32+00:00,,805,3,248,2221
50.000000,400,2022-11-30 10:23:32+00:00,2022-11-30 10:23:32+00:00,,806,3,248,2221
50.000000,400,2022-11-30 10:23:32+00:00,2022-11-30 10:23:32+00:00,,807,3,248,2221
33.000000,400,2022-11-30 10:23:32+00:00,2022-11-30 10:23:32+00:00,,808,3,248,2221
106.000000,400,2022-11-30 10:26:07+00:00,2022-11-30 10:26:07+00:00,,817,3,252,2220
108.000000,400,2022-11-30 10:26:07+00:00,2022-11-30 10:26:07+00:00,,818,3,252,2220
128.000000,400,2022-11-30 10:26:07+00:00,2022-11-30 10:26:07+00:00,,819,3,252,2220
133.000000,400,2022-11-30 10:26:07+00:00,2022-11-30 10:26:07+00:00,,820,3,252,2220
66.000000,400,2022-11-30 10:26:07+00:00,2022-11-30 10:26:07+00:00,,821,3,252,2220
161.000000,400,2022-11-30 10:26:07+00:00,2022-11-30 10:26:07+00:00,,822,3,252,2220
73.000000,400,2022-11-30 10:29:43+00:00,2022-11-30 10:29:43+00:00,,2422,3,244,2224
64.000000,400,2022-11-30 10:29:43+00:00,2022-11-30 10:29:43+00:00,,2423,3,244,2224
78.000000,400,2022-11-30 10:29:43+00:00,2022-11-30 10:29:43+00:00,,2424,3,244,2224
60.000000,400,2022-11-30 10:29:43+00:00,2022-11-30 10:29:43+00:00,,2427,3,244,2224
40.000000,400,2022-11-30 10:29:43+00:00,2022-11-30 10:29:43+00:00,,2428,3,244,2224
783.000000,400,2022-11-30 10:32:15+00:00,2022-11-30 10:32:15+00:00,,1448,3,414,1343
740.000000,400,2022-11-30 10:32:15+00:00,2022-11-30 10:32:15+00:00,,1449,3,414,1343
751.000000,400,2022-11-30 10:32:15+00:00,2022-11-30 10:32:15+00:00,,1450,3,414,1343
810.000000,400,2022-11-30 10:32:15+00:00,2022-11-30 10:32:15+00:00,,1451,3,414,1343
387.000000,400,2022-11-30 10:32:15+00:00,2022-11-30 10:32:15+00:00,,1452,3,414,1343
703.000000,400,2022-11-30 10:32:15+00:00,2022-11-30 10:32:15+00:00,,1453,3,414,1343
464.000000,400,2022-11-30 10:32:16+00:00,2022-11-30 10:32:16+00:00,,1456,3,414,1343
1102.000000,400,2022-11-30 10:34:10+00:00,2022-11-30 10:34:10+00:00,,1464,3,441,1353
770.000000,400,2022-11-30 10:36:23+00:00,2022-11-30 10:36:23+00:00,,1481,3,446,1354
256.000000,400,2022-11-30 10:42:44+00:00,2022-11-30 10:42:44+00:00,,1231,3,384,2265
66.000000,400,2022-11-30 10:44:45+00:00,2022-11-30 10:44:45+00:00,,2021,3,593,2290
149.000000,400,2022-11-30 10:44:45+00:00,2022-11-30 10:44:45+00:00,,2022,3,593,2290
1000.000000,400,2022-11-30 10:53:30+00:00,2022-11-30 10:53:30+00:00,,1119,3,353,2171
1031.000000,400,2022-11-30 10:53:30+00:00,2022-11-30 10:53:30+00:00,,1120,3,353,2171
464.000000,400,2022-11-30 10:53:30+00:00,2022-11-30 10:53:30+00:00,,1123,3,353,2171
1000.000000,400,2022-11-30 10:53:30+00:00,2022-11-30 10:53:30+00:00,,1124,3,353,2171
618.000000,400,2022-11-30 10:53:30+00:00,2022-11-30 10:53:30+00:00,,1125,3,353,2171
106.000000,400,2022-11-30 10:59:55+00:00,2022-11-30 10:59:55+00:00,,2026,3,595,2290
120.000000,400,2022-11-30 10:59:55+00:00,2022-11-30 10:59:55+00:00,,2027,3,595,2290
270.000000,400,2022-11-30 11:02:09+00:00,2022-11-30 11:02:09+00:00,,1232,3,385,2265
260.000000,400,2022-11-30 11:02:10+00:00,2022-11-30 11:02:10+00:00,,1233,3,385,2265
117.000000,400,2022-11-30 11:05:59+00:00,2022-11-30 11:05:59+00:00,,1102,3,347,2230
100.000000,400,2022-11-30 11:09:58+00:00,2022-11-30 11:09:58+00:00,,1561,3,467,2270
2.000000,400,2022-11-30 12:55:47+00:00,2022-11-30 12:55:47+00:00,,998,3,315,2241
379.000000,400,2022-11-30 12:55:47+00:00,2022-11-30 12:55:47+00:00,,999,3,315,2241
852.000000,400,2022-11-30 12:55:48+00:00,2022-11-30 12:55:48+00:00,,1000,3,315,2241
601.000000,400,2022-11-30 12:55:48+00:00,2022-11-30 12:55:48+00:00,,1001,3,315,2241
100.000000,400,2022-11-30 13:14:30+00:00,2022-11-30 13:14:30+00:00,,2025,3,594,2290
256.000000,400,2022-11-30 13:17:38+00:00,2022-11-30 13:17:38+00:00,,993,3,312,2253
134.000000,400,2022-11-30 13:19:50+00:00,2022-11-30 13:19:50+00:00,,883,3,272,2223
208.000000,400,2022-11-30 13:19:50+00:00,2022-11-30 13:19:50+00:00,,884,3,272,2223
81.000000,400,2022-11-30 13:19:50+00:00,2022-11-30 13:19:50+00:00,,889,3,272,2223
100.000000,400,2022-11-30 13:25:24+00:00,2022-11-30 13:25:24+00:00,,823,3,252,2220
100.000000,400,2022-11-30 13:25:24+00:00,2022-11-30 13:25:24+00:00,,824,3,252,2220
1064.000000,400,2022-11-30 13:30:19+00:00,2022-11-30 13:30:19+00:00,,1873,3,553,1382
1052.000000,400,2022-11-30 13:30:20+00:00,2022-11-30 13:30:20+00:00,,1874,3,553,1382
1302.000000,400,2022-11-30 13:30:20+00:00,2022-11-30 13:30:20+00:00,,1875,3,553,1382
1019.000000,400,2022-11-30 13:30:20+00:00,2022-11-30 13:30:20+00:00,,1876,3,553,1382
1038.000000,400,2022-11-30 13:30:20+00:00,2022-11-30 13:30:20+00:00,,1877,3,553,1382
1003.000000,400,2022-11-30 13:30:20+00:00,2022-11-30 13:30:20+00:00,,1879,3,553,1382
632.000000,400,2022-11-30 13:30:20+00:00,2022-11-30 13:30:20+00:00,,1882,3,553,1382
65.000000,400,2022-12-01 07:33:11+00:00,2022-12-01 07:33:11+00:00,,811,3,249,2221
136.000000,400,2022-12-01 07:35:40+00:00,2022-12-01 07:35:40+00:00,,891,3,273,2223
800.000000,400,2022-12-01 07:39:14+00:00,2022-12-01 07:39:14+00:00,,1010,3,316,2241
652.000000,400,2022-12-01 07:39:14+00:00,2022-12-01 07:39:14+00:00,,1011,3,316,2241
324.000000,400,2022-12-01 07:40:49+00:00,2022-12-01 07:40:49+00:00,,1028,3,323,2244
6000.000000,400,2022-12-01 08:52:42+00:00,2022-12-01 08:52:42+00:00,,1137,3,360,2168
3600.000000,400,2022-12-01 08:52:42+00:00,2022-12-01 08:52:42+00:00,,1140,3,360,2168
2.000000,400,2022-12-01 08:55:02+00:00,2022-12-01 08:55:02+00:00,,1435,3,410,1344
752.000000,400,2022-12-01 08:55:02+00:00,2022-12-01 08:55:02+00:00,,1436,3,410,1344
387.000000,400,2022-12-01 08:55:02+00:00,2022-12-01 08:55:02+00:00,,1439,3,410,1344
703.000000,400,2022-12-01 08:55:02+00:00,2022-12-01 08:55:02+00:00,,1440,3,410,1344
464.000000,400,2022-12-01 08:55:02+00:00,2022-12-01 08:55:02+00:00,,1441,3,410,1344
256.000000,400,2022-12-01 12:30:05+00:00,2022-12-01 12:30:05+00:00,,1242,3,388,2266
256.000000,400,2022-12-01 12:31:39+00:00,2022-12-01 12:31:39+00:00,,1076,3,337,2252
275.000000,400,2022-12-01 12:34:23+00:00,2022-12-01 12:34:23+00:00,,994,3,313,2253
276.000000,400,2022-12-01 12:34:23+00:00,2022-12-01 12:34:23+00:00,,995,3,313,2253
105.000000,400,2022-12-01 12:37:43+00:00,2022-12-01 12:37:43+00:00,,827,3,254,2220
107.000000,400,2022-12-01 12:37:43+00:00,2022-12-01 12:37:43+00:00,,828,3,254,2220
108.000000,400,2022-12-01 12:37:43+00:00,2022-12-01 12:37:43+00:00,,829,3,254,2220
109.000000,400,2022-12-01 12:37:44+00:00,2022-12-01 12:37:44+00:00,,830,3,254,2220
208.000000,400,2022-12-01 12:53:36+00:00,2022-12-01 12:53:36+00:00,,1572,3,473,2276
201.000000,400,2022-12-01 15:00:44+00:00,2022-12-01 15:00:44+00:00,,1571,3,472,2276
201.000000,400,2022-12-01 15:01:10+00:00,2022-12-01 15:01:10+00:00,,1567,3,471,2276
201.000000,400,2022-12-01 15:01:10+00:00,2022-12-01 15:01:10+00:00,,1568,3,471,2276
65.000000,400,2022-12-01 15:01:10+00:00,2022-12-01 15:01:10+00:00,,1569,3,471,2276
215.000000,400,2022-12-01 15:01:10+00:00,2022-12-01 15:01:10+00:00,,1570,3,471,2276
100.000000,400,2022-12-02 07:41:20+00:00,2022-12-02 07:41:20+00:00,,971,3,308,2255
100.000000,400,2022-12-02 07:42:37+00:00,2022-12-02 07:42:37+00:00,,1264,3,396,2272
114.000000,400,2022-12-02 07:42:37+00:00,2022-12-02 07:42:37+00:00,,1265,3,396,2272
803.000000,400,2022-12-02 07:52:29+00:00,2022-12-02 07:52:29+00:00,,1040,3,327,2243
118.000000,400,2022-12-02 07:54:50+00:00,2022-12-02 07:54:50+00:00,,2278,3,668,2303
101.000000,400,2022-12-02 07:58:56+00:00,2022-12-02 07:58:56+00:00,,2106,3,618,2284
100.000000,400,2022-12-02 08:01:24+00:00,2022-12-02 08:01:24+00:00,,2150,3,634,2291
100.000000,400,2022-12-02 08:02:16+00:00,2022-12-02 08:02:16+00:00,,2168,3,638,2292
100.000000,400,2022-12-02 08:03:53+00:00,2022-12-02 08:03:53+00:00,,2194,3,646,2294
100.000000,400,2022-12-02 08:05:07+00:00,2022-12-02 08:05:07+00:00,,2001,3,586,2286
128.000000,400,2022-12-02 08:05:07+00:00,2022-12-02 08:05:07+00:00,,2002,3,586,2286
106.000000,400,2022-12-02 08:06:55+00:00,2022-12-02 08:06:55+00:00,,2139,3,630,2283
100.000000,400,2022-12-02 08:11:27+00:00,2022-12-02 08:11:27+00:00,,2285,3,672,2300
110.000000,400,2022-12-02 08:11:27+00:00,2022-12-02 08:11:27+00:00,,2287,3,672,2300
645.000000,400,2022-12-02 08:13:22+00:00,2022-12-02 08:13:22+00:00,,1416,3,435,1350
774.000000,400,2022-12-02 08:13:22+00:00,2022-12-02 08:13:22+00:00,,1418,3,435,1350
2323.000000,400,2022-12-02 08:13:22+00:00,2022-12-02 08:13:22+00:00,,1419,3,435,1350
1253.000000,400,2022-12-02 08:13:34+00:00,2022-12-02 08:13:34+00:00,,1421,3,436,1350
1425.000000,400,2022-12-02 08:15:43+00:00,2022-12-02 08:15:43+00:00,,1442,3,410,1344
434.000000,400,2022-12-02 08:15:43+00:00,2022-12-02 08:15:43+00:00,,1443,3,410,1344
5.000000,400,2022-12-02 08:17:49+00:00,2022-12-02 08:17:49+00:00,,1410,3,433,1351
953.000000,400,2022-12-02 08:20:31+00:00,2022-12-02 08:20:31+00:00,,1495,3,451,1356
100.000000,400,2022-12-02 08:25:07+00:00,2022-12-02 08:25:07+00:00,,1550,3,462,2269
110.000000,400,2022-12-02 08:25:30+00:00,2022-12-02 08:25:30+00:00,,1551,3,463,2269
111.000000,400,2022-12-02 08:27:37+00:00,2022-12-02 08:27:37+00:00,,2141,3,631,2283
111.000000,400,2022-12-02 08:27:37+00:00,2022-12-02 08:27:37+00:00,,2142,3,631,2283
616.000000,400,2022-12-02 08:29:49+00:00,2022-12-02 08:29:49+00:00,,2402,3,190,2173
609.000000,400,2022-12-02 08:29:49+00:00,2022-12-02 08:29:49+00:00,,2403,3,190,2173
637.000000,400,2022-12-02 08:29:49+00:00,2022-12-02 08:29:49+00:00,,2404,3,190,2173
631.000000,400,2022-12-02 08:29:49+00:00,2022-12-02 08:29:49+00:00,,2405,3,190,2173
40.000000,400,2022-12-02 08:31:10+00:00,2022-12-02 08:31:10+00:00,,2425,3,244,2224
96.000000,400,2022-12-02 08:31:10+00:00,2022-12-02 08:31:10+00:00,,2426,3,244,2224
73.000000,400,2022-12-02 08:32:20+00:00,2022-12-02 08:32:20+00:00,,2429,3,246,2224
72.000000,400,2022-12-02 08:32:21+00:00,2022-12-02 08:32:21+00:00,,2430,3,246,2224
71.000000,400,2022-12-02 08:32:21+00:00,2022-12-02 08:32:21+00:00,,2431,3,246,2224
64.000000,400,2022-12-02 08:32:21+00:00,2022-12-02 08:32:21+00:00,,2432,3,246,2224
66.000000,400,2022-12-02 08:33:17+00:00,2022-12-02 08:33:17+00:00,,1998,3,585,2286
149.000000,400,2022-12-02 08:33:17+00:00,2022-12-02 08:33:17+00:00,,1999,3,585,2286
111.000000,400,2022-12-02 08:33:49+00:00,2022-12-02 08:33:49+00:00,,2003,3,587,2286
120.000000,400,2022-12-02 08:33:49+00:00,2022-12-02 08:33:49+00:00,,2004,3,587,2286
117.000000,400,2022-12-02 08:33:49+00:00,2022-12-02 08:33:49+00:00,,2005,3,587,2286
4000.000000,400,2022-12-02 08:49:53+00:00,2022-12-02 08:49:53+00:00,,1134,3,358,2169
6000.000000,400,2022-12-02 08:49:53+00:00,2022-12-02 08:49:53+00:00,,1135,3,358,2169
315.000000,400,2022-12-02 08:58:16+00:00,2022-12-02 08:58:16+00:00,,1386,3,427,1348
416.000000,400,2022-12-02 08:58:16+00:00,2022-12-02 08:58:16+00:00,,1387,3,427,1348
325.000000,400,2022-12-02 08:58:16+00:00,2022-12-02 08:58:16+00:00,,1388,3,427,1348
395.000000,400,2022-12-02 08:58:16+00:00,2022-12-02 08:58:16+00:00,,1389,3,427,1348
303.000000,400,2022-12-02 08:58:16+00:00,2022-12-02 08:58:16+00:00,,1391,3,427,1348
195.000000,400,2022-12-02 08:58:16+00:00,2022-12-02 08:58:16+00:00,,1394,3,427,1348
321.000000,400,2022-12-02 10:32:09+00:00,2022-12-02 10:32:09+00:00,,2077,3,609,2288
315.000000,400,2022-12-02 10:32:09+00:00,2022-12-02 10:32:09+00:00,,2080,3,609,2288
320.000000,400,2022-12-02 10:32:09+00:00,2022-12-02 10:32:09+00:00,,2083,3,609,2288
193.000000,400,2022-12-02 10:32:09+00:00,2022-12-02 10:32:09+00:00,,2084,3,609,2288
620.000000,400,2022-12-02 10:33:47+00:00,2022-12-02 10:33:47+00:00,,2558,3,743,2302
522.000000,400,2022-12-02 10:33:47+00:00,2022-12-02 10:33:47+00:00,,2559,3,743,2302
600.000000,400,2022-12-02 10:33:48+00:00,2022-12-02 10:33:48+00:00,,2560,3,743,2302
620.000000,400,2022-12-02 10:35:17+00:00,2022-12-02 10:35:17+00:00,,2554,3,741,2301
522.000000,400,2022-12-02 10:35:17+00:00,2022-12-02 10:35:17+00:00,,2555,3,741,2301
650.000000,400,2022-12-02 10:35:17+00:00,2022-12-02 10:35:17+00:00,,2556,3,741,2301
395.000000,400,2022-12-02 10:38:20+00:00,2022-12-02 10:38:20+00:00,,2078,3,609,2288
370.000000,400,2022-12-02 10:38:20+00:00,2022-12-02 10:38:20+00:00,,2079,3,609,2288
603.000000,400,2022-12-02 14:55:19+00:00,2022-12-02 14:55:19+00:00,,563,3,169,1361
81.000000,400,2022-12-02 14:56:44+00:00,2022-12-02 14:56:44+00:00,,885,3,272,2223
67.000000,400,2022-12-02 14:56:44+00:00,2022-12-02 14:56:44+00:00,,886,3,272,2223
181.000000,400,2022-12-02 14:56:44+00:00,2022-12-02 14:56:44+00:00,,887,3,272,2223
122.000000,400,2022-12-02 14:56:44+00:00,2022-12-02 14:56:44+00:00,,888,3,272,2223
116.000000,400,2022-12-02 15:17:12+00:00,2022-12-02 15:17:12+00:00,,2162,3,637,2292
105.000000,400,2022-12-02 15:17:12+00:00,2022-12-02 15:17:12+00:00,,2163,3,637,2292
120.000000,400,2022-12-02 15:17:12+00:00,2022-12-02 15:17:12+00:00,,2166,3,637,2292
66.000000,400,2022-12-02 15:17:12+00:00,2022-12-02 15:17:12+00:00,,2167,3,637,2292
110.000000,400,2022-12-02 15:19:49+00:00,2022-12-02 15:19:49+00:00,,2280,3,671,2300
110.000000,400,2022-12-02 15:19:49+00:00,2022-12-02 15:19:49+00:00,,2283,3,671,2300
66.000000,400,2022-12-02 15:19:49+00:00,2022-12-02 15:19:49+00:00,,2284,3,671,2300
653.000000,400,2022-12-03 07:37:43+00:00,2022-12-03 07:37:43+00:00,,575,3,172,1360
66.000000,400,2022-12-03 07:38:35+00:00,2022-12-03 07:38:35+00:00,,2010,3,589,2289
149.000000,400,2022-12-03 07:38:35+00:00,2022-12-03 07:38:35+00:00,,2011,3,589,2289
620.000000,400,2022-12-03 07:41:37+00:00,2022-12-03 07:41:37+00:00,,1563,3,469,2277
522.000000,400,2022-12-03 07:41:37+00:00,2022-12-03 07:41:37+00:00,,1564,3,469,2277
650.000000,400,2022-12-03 07:41:37+00:00,2022-12-03 07:41:37+00:00,,1565,3,469,2277
304.000000,400,2022-12-03 07:55:39+00:00,2022-12-03 07:55:39+00:00,,1672,3,504,1368
365.000000,400,2022-12-03 07:55:39+00:00,2022-12-03 07:55:39+00:00,,1674,3,504,1368
1083.000000,400,2022-12-03 07:55:39+00:00,2022-12-03 07:55:39+00:00,,1675,3,504,1368
100.000000,400,2022-12-03 07:57:54+00:00,2022-12-03 07:57:54+00:00,,2015,3,591,2289
100.000000,400,2022-12-03 07:57:54+00:00,2022-12-03 07:57:54+00:00,,2016,3,591,2289
100.000000,400,2022-12-03 08:01:37+00:00,2022-12-03 08:01:37+00:00,,825,3,253,2220
104.000000,400,2022-12-03 08:03:46+00:00,2022-12-03 08:03:46+00:00,,1266,3,397,2272
120.000000,400,2022-12-03 08:03:47+00:00,2022-12-03 08:03:47+00:00,,1267,3,397,2272
108.000000,400,2022-12-03 08:03:47+00:00,2022-12-03 08:03:47+00:00,,1268,3,397,2272
59.000000,400,2022-12-03 08:05:42+00:00,2022-12-03 08:05:42+00:00,,2574,3,250,2221
60.000000,400,2022-12-03 08:05:42+00:00,2022-12-03 08:05:42+00:00,,2575,3,250,2221
60.000000,400,2022-12-03 08:05:42+00:00,2022-12-03 08:05:42+00:00,,2576,3,250,2221
52.000000,400,2022-12-03 08:05:42+00:00,2022-12-03 08:05:42+00:00,,2577,3,250,2221
119.000000,400,2022-12-03 08:12:06+00:00,2022-12-03 08:12:06+00:00,,981,3,309,2255
110.000000,400,2022-12-03 08:12:06+00:00,2022-12-03 08:12:06+00:00,,982,3,309,2255
111.000000,400,2022-12-03 08:12:06+00:00,2022-12-03 08:12:06+00:00,,983,3,309,2255
111.000000,400,2022-12-03 08:12:06+00:00,2022-12-03 08:12:06+00:00,,984,3,309,2255
600.000000,400,2022-12-03 08:13:56+00:00,2022-12-03 08:13:56+00:00,,2400,3,189,2173
500.000000,400,2022-12-03 08:15:08+00:00,2022-12-03 08:15:08+00:00,,1043,3,328,2243
803.000000,400,2022-12-03 08:15:54+00:00,2022-12-03 08:15:54+00:00,,1474,3,444,1357
316.000000,400,2022-12-05 07:32:28+00:00,2022-12-05 07:32:28+00:00,,703,3,212,2176
768.000000,400,2022-12-05 07:32:28+00:00,2022-12-05 07:32:28+00:00,,704,3,212,2176
103.000000,400,2022-12-05 07:39:22+00:00,2022-12-05 07:39:22+00:00,,2276,3,669,2303
103.000000,400,2022-12-05 07:39:22+00:00,2022-12-05 07:39:22+00:00,,2277,3,669,2303
124.000000,400,2022-12-05 07:48:13+00:00,2022-12-05 07:48:13+00:00,,2029,3,597,2296
106.000000,400,2022-12-05 07:48:13+00:00,2022-12-05 07:48:13+00:00,,2030,3,597,2296
104.000000,400,2022-12-05 07:48:13+00:00,2022-12-05 07:48:13+00:00,,2031,3,597,2296
110.000000,400,2022-12-05 07:48:13+00:00,2022-12-05 07:48:13+00:00,,2033,3,597,2296
62.000000,400,2022-12-05 07:48:13+00:00,2022-12-05 07:48:13+00:00,,2035,3,597,2296
162.000000,400,2022-12-05 07:54:03+00:00,2022-12-05 07:54:03+00:00,,2123,3,625,2282
171.000000,400,2022-12-05 07:54:03+00:00,2022-12-05 07:54:03+00:00,,2124,3,625,2282
157.000000,400,2022-12-05 07:54:03+00:00,2022-12-05 07:54:03+00:00,,2128,3,625,2282
104.000000,400,2022-12-05 07:54:03+00:00,2022-12-05 07:54:03+00:00,,2129,3,625,2282
721.000000,400,2022-12-05 09:52:56+00:00,2022-12-05 09:52:56+00:00,,1445,3,411,1344
146.000000,400,2022-12-06 08:59:34+00:00,2022-12-06 08:59:34+00:00,,1390,3,427,1348
195.000000,400,2022-12-06 08:59:34+00:00,2022-12-06 08:59:34+00:00,,1392,3,427,1348
331.000000,400,2022-12-06 08:59:34+00:00,2022-12-06 08:59:34+00:00,,1393,3,427,1348
303.000000,400,2022-12-06 08:59:43+00:00,2022-12-06 08:59:43+00:00,,1395,3,428,1348
358.000000,400,2022-12-06 09:02:28+00:00,2022-12-06 09:02:28+00:00,,2406,3,424,1349
448.000000,400,2022-12-06 09:02:28+00:00,2022-12-06 09:02:28+00:00,,2407,3,424,1349
384.000000,400,2022-12-06 09:02:28+00:00,2022-12-06 09:02:28+00:00,,2408,3,424,1349
371.000000,400,2022-12-06 09:02:28+00:00,2022-12-06 09:02:28+00:00,,2409,3,424,1349
227.000000,400,2022-12-06 09:02:28+00:00,2022-12-06 09:02:28+00:00,,2414,3,424,1349
369.000000,400,2022-12-06 09:04:54+00:00,2022-12-06 09:04:54+00:00,,1482,3,446,1354
443.000000,400,2022-12-06 09:04:54+00:00,2022-12-06 09:04:54+00:00,,1484,3,446,1354
1329.000000,400,2022-12-06 09:04:54+00:00,2022-12-06 09:04:54+00:00,,1485,3,446,1354
