creator_id,created_at,updated_at,deleted_at,task_id,parent_task_id
366,2022-11-02 08:29:37+00:00,2022-11-02 08:29:37+00:00,,5,3
366,2022-11-02 08:30:02+00:00,2022-11-02 08:30:02+00:00,,4,3
366,2022-11-02 08:30:02+00:00,2022-11-02 08:30:02+00:00,,4,5
366,2022-11-02 08:34:55+00:00,2022-11-02 08:34:55+00:00,,6,3
366,2022-11-02 08:34:55+00:00,2022-11-02 08:34:55+00:00,,6,5
366,2022-11-02 08:34:55+00:00,2022-11-02 08:34:55+00:00,,6,4
366,2022-11-02 10:21:58+00:00,2022-11-02 10:21:58+00:00,,9,7
366,2022-11-02 10:22:11+00:00,2022-11-02 10:22:11+00:00,,8,7
366,2022-11-02 10:22:11+00:00,2022-11-02 10:22:11+00:00,,8,9
366,2022-11-02 10:27:04+00:00,2022-11-02 10:27:04+00:00,,10,7
366,2022-11-02 10:27:04+00:00,2022-11-02 10:27:04+00:00,,10,9
366,2022-11-02 10:27:04+00:00,2022-11-02 10:27:04+00:00,,10,8
368,2022-11-02 13:09:14+00:00,2022-11-02 13:09:14+00:00,,15,14
368,2022-11-02 13:23:45+00:00,2022-11-02 13:23:45+00:00,,14,17
368,2022-11-02 14:08:13+00:00,2022-11-02 14:08:13+00:00,,16,15
368,2022-11-03 12:33:24+00:00,2022-11-03 12:33:24+00:00,,22,21
150,2022-11-03 12:37:23+00:00,2022-11-03 12:37:23+00:00,,17,14
150,2022-11-03 12:37:23+00:00,2022-11-03 12:37:23+00:00,,17,15
150,2022-11-03 12:37:23+00:00,2022-11-03 12:37:23+00:00,,17,16
369,2022-11-03 15:47:44+00:00,2022-11-03 15:47:44+00:00,,34,31
369,2022-11-03 15:47:44+00:00,2022-11-03 15:47:44+00:00,,34,32
369,2022-11-03 15:47:44+00:00,2022-11-03 15:47:44+00:00,,34,33
369,2022-11-03 15:56:27+00:00,2022-11-03 15:56:27+00:00,,38,35
369,2022-11-03 15:56:27+00:00,2022-11-03 15:56:27+00:00,,38,36
369,2022-11-03 15:56:28+00:00,2022-11-03 15:56:28+00:00,,38,37
369,2022-11-03 16:05:38+00:00,2022-11-03 16:05:38+00:00,,42,39
369,2022-11-03 16:05:38+00:00,2022-11-03 16:05:38+00:00,,42,40
369,2022-11-03 16:05:38+00:00,2022-11-03 16:05:38+00:00,,42,41
369,2022-11-03 16:10:51+00:00,2022-11-03 16:10:51+00:00,,46,43
369,2022-11-03 16:10:51+00:00,2022-11-03 16:10:51+00:00,,46,44
369,2022-11-03 16:10:51+00:00,2022-11-03 16:10:51+00:00,,46,45
369,2022-11-03 16:18:36+00:00,2022-11-03 16:18:36+00:00,,50,47
369,2022-11-03 16:18:36+00:00,2022-11-03 16:18:36+00:00,,50,48
369,2022-11-03 16:18:36+00:00,2022-11-03 16:18:36+00:00,,50,49
369,2022-11-04 09:27:26+00:00,2022-11-04 09:27:26+00:00,,61,58
369,2022-11-04 09:27:26+00:00,2022-11-04 09:27:26+00:00,,61,59
369,2022-11-04 09:27:26+00:00,2022-11-04 09:27:26+00:00,,61,60
369,2022-11-04 09:49:22+00:00,2022-11-04 09:49:22+00:00,,65,62
369,2022-11-04 09:49:22+00:00,2022-11-04 09:49:22+00:00,,65,63
369,2022-11-04 09:49:22+00:00,2022-11-04 09:49:22+00:00,,65,64
369,2022-11-04 10:02:20+00:00,2022-11-04 10:02:20+00:00,,69,66
369,2022-11-04 10:02:20+00:00,2022-11-04 10:02:20+00:00,,69,67
369,2022-11-04 10:02:20+00:00,2022-11-04 10:02:20+00:00,,69,68
369,2022-11-04 10:07:19+00:00,2022-11-04 10:07:19+00:00,,73,70
369,2022-11-04 10:07:19+00:00,2022-11-04 10:07:19+00:00,,73,71
369,2022-11-04 10:07:19+00:00,2022-11-04 10:07:19+00:00,,73,72
369,2022-11-04 12:35:54+00:00,2022-11-04 12:35:54+00:00,,77,76
369,2022-11-04 12:37:10+00:00,2022-11-04 12:37:10+00:00,,78,75
369,2022-11-04 12:39:36+00:00,2022-11-04 12:39:36+00:00,,80,79
369,2022-11-04 12:46:29+00:00,2022-11-04 12:46:29+00:00,,84,81
369,2022-11-04 12:46:29+00:00,2022-11-04 12:46:29+00:00,,84,82
369,2022-11-04 12:46:29+00:00,2022-11-04 12:46:29+00:00,,84,83
369,2022-11-04 12:52:23+00:00,2022-11-04 12:52:23+00:00,,88,85
369,2022-11-04 12:52:23+00:00,2022-11-04 12:52:23+00:00,,88,86
369,2022-11-04 12:52:23+00:00,2022-11-04 12:52:23+00:00,,88,87
369,2022-11-04 12:55:12+00:00,2022-11-04 12:55:12+00:00,,89,74
369,2022-11-04 13:13:00+00:00,2022-11-04 13:13:00+00:00,,93,90
369,2022-11-04 13:13:00+00:00,2022-11-04 13:13:00+00:00,,93,91
369,2022-11-04 13:13:00+00:00,2022-11-04 13:13:00+00:00,,93,92
369,2022-11-04 15:02:15+00:00,2022-11-04 15:02:15+00:00,,99,97
369,2022-11-04 15:02:15+00:00,2022-11-04 15:02:15+00:00,,99,98
369,2022-11-04 15:35:29+00:00,2022-11-04 15:35:29+00:00,,107,104
369,2022-11-04 15:35:29+00:00,2022-11-04 15:35:29+00:00,,107,105
369,2022-11-04 15:35:29+00:00,2022-11-04 15:35:29+00:00,,107,106
369,2022-11-04 15:49:11+00:00,2022-11-04 15:49:11+00:00,,109,108
369,2022-11-04 15:56:51+00:00,2022-11-04 15:56:51+00:00,,111,110
369,2022-11-04 16:09:42+00:00,2022-11-04 16:09:42+00:00,,115,114
369,2022-11-05 07:40:11+00:00,2022-11-05 07:40:11+00:00,,117,116
369,2022-11-05 07:51:17+00:00,2022-11-05 07:51:17+00:00,,120,118
369,2022-11-05 07:51:17+00:00,2022-11-05 07:51:17+00:00,,120,119
369,2022-11-05 07:56:42+00:00,2022-11-05 07:56:42+00:00,,122,121
369,2022-11-05 08:05:48+00:00,2022-11-05 08:05:48+00:00,,124,123
369,2022-11-05 08:14:30+00:00,2022-11-05 08:14:30+00:00,,126,125
369,2022-11-05 08:19:10+00:00,2022-11-05 08:19:10+00:00,,128,127
369,2022-11-05 08:43:49+00:00,2022-11-05 08:43:49+00:00,,132,129
369,2022-11-05 08:43:49+00:00,2022-11-05 08:43:49+00:00,,132,130
369,2022-11-05 08:43:49+00:00,2022-11-05 08:43:49+00:00,,132,131
369,2022-11-05 09:02:02+00:00,2022-11-05 09:02:02+00:00,,136,133
369,2022-11-05 09:02:02+00:00,2022-11-05 09:02:02+00:00,,136,134
369,2022-11-05 09:02:02+00:00,2022-11-05 09:02:02+00:00,,136,135
369,2022-11-05 09:07:56+00:00,2022-11-05 09:07:56+00:00,,140,137
369,2022-11-05 09:07:56+00:00,2022-11-05 09:07:56+00:00,,140,138
369,2022-11-05 09:07:56+00:00,2022-11-05 09:07:56+00:00,,140,139
369,2022-11-05 09:13:34+00:00,2022-11-05 09:13:34+00:00,,144,141
369,2022-11-05 09:13:34+00:00,2022-11-05 09:13:34+00:00,,144,142
369,2022-11-05 09:13:34+00:00,2022-11-05 09:13:34+00:00,,144,143
369,2022-11-07 07:45:26+00:00,2022-11-07 07:45:26+00:00,,147,146
369,2022-11-07 07:45:26+00:00,2022-11-07 07:45:26+00:00,,147,145
369,2022-11-07 07:57:05+00:00,2022-11-07 07:57:05+00:00,,149,148
369,2022-11-07 08:12:10+00:00,2022-11-07 08:12:10+00:00,,151,150
369,2022-11-07 08:30:23+00:00,2022-11-07 08:30:23+00:00,,154,152
369,2022-11-07 08:30:23+00:00,2022-11-07 08:30:23+00:00,,154,153
369,2022-11-07 08:37:39+00:00,2022-11-07 08:37:39+00:00,,156,155
369,2022-11-07 08:45:24+00:00,2022-11-07 08:45:24+00:00,,159,157
369,2022-11-07 08:45:24+00:00,2022-11-07 08:45:24+00:00,,159,158
369,2022-11-07 08:49:59+00:00,2022-11-07 08:49:59+00:00,,161,160
369,2022-11-07 08:51:21+00:00,2022-11-07 08:51:21+00:00,,163,162
369,2022-11-07 09:01:21+00:00,2022-11-07 09:01:21+00:00,,167,164
369,2022-11-07 09:01:21+00:00,2022-11-07 09:01:21+00:00,,167,165
369,2022-11-07 09:01:21+00:00,2022-11-07 09:01:21+00:00,,167,166
369,2022-11-07 13:46:56+00:00,2022-11-07 13:46:56+00:00,,170,168
369,2022-11-07 13:46:56+00:00,2022-11-07 13:46:56+00:00,,170,169
369,2022-11-07 13:56:24+00:00,2022-11-07 13:56:24+00:00,,173,171
369,2022-11-07 13:56:24+00:00,2022-11-07 13:56:24+00:00,,173,172
369,2022-11-08 08:41:03+00:00,2022-11-08 08:41:03+00:00,,184,182
369,2022-11-08 08:41:03+00:00,2022-11-08 08:41:03+00:00,,184,183
369,2022-11-08 08:44:41+00:00,2022-11-08 08:44:41+00:00,,187,185
369,2022-11-08 08:44:41+00:00,2022-11-08 08:44:41+00:00,,187,186
369,2022-11-09 08:37:39+00:00,2022-11-09 08:37:39+00:00,,191,188
369,2022-11-09 08:37:39+00:00,2022-11-09 08:37:39+00:00,,191,189
369,2022-11-09 08:37:39+00:00,2022-11-09 08:37:39+00:00,,191,190
369,2022-11-09 08:44:48+00:00,2022-11-09 08:44:48+00:00,,195,192
369,2022-11-09 08:44:48+00:00,2022-11-09 08:44:48+00:00,,195,193
369,2022-11-09 08:44:48+00:00,2022-11-09 08:44:48+00:00,,195,194
369,2022-11-09 08:52:50+00:00,2022-11-09 08:52:50+00:00,,199,196
369,2022-11-09 08:52:50+00:00,2022-11-09 08:52:50+00:00,,199,197
369,2022-11-09 08:52:50+00:00,2022-11-09 08:52:50+00:00,,199,198
369,2022-11-09 08:59:45+00:00,2022-11-09 08:59:45+00:00,,203,200
369,2022-11-09 08:59:45+00:00,2022-11-09 08:59:45+00:00,,203,201
369,2022-11-09 08:59:45+00:00,2022-11-09 08:59:45+00:00,,203,202
369,2022-11-10 07:40:10+00:00,2022-11-10 07:40:10+00:00,,205,204
369,2022-11-10 07:48:12+00:00,2022-11-10 07:48:12+00:00,,207,206
369,2022-11-10 07:53:12+00:00,2022-11-10 07:53:12+00:00,,209,208
369,2022-11-10 08:12:20+00:00,2022-11-10 08:12:20+00:00,,211,210
369,2022-11-10 09:05:52+00:00,2022-11-10 09:05:52+00:00,,219,216
369,2022-11-10 09:05:52+00:00,2022-11-10 09:05:52+00:00,,219,217
369,2022-11-10 09:05:52+00:00,2022-11-10 09:05:52+00:00,,219,218
369,2022-11-10 10:12:07+00:00,2022-11-10 10:12:07+00:00,,236,233
369,2022-11-10 10:12:07+00:00,2022-11-10 10:12:07+00:00,,236,234
369,2022-11-10 10:12:07+00:00,2022-11-10 10:12:07+00:00,,236,235
369,2022-11-11 07:59:24+00:00,2022-11-11 07:59:24+00:00,,238,237
369,2022-11-11 08:07:32+00:00,2022-11-11 08:07:32+00:00,,240,239
369,2022-11-11 08:13:40+00:00,2022-11-11 08:13:40+00:00,,12,11
369,2022-11-11 08:44:10+00:00,2022-11-11 08:44:10+00:00,,243,241
369,2022-11-11 08:44:10+00:00,2022-11-11 08:44:10+00:00,,243,242
369,2022-11-11 10:14:17+00:00,2022-11-11 10:14:17+00:00,,267,264
369,2022-11-11 10:14:17+00:00,2022-11-11 10:14:17+00:00,,267,265
369,2022-11-11 10:14:17+00:00,2022-11-11 10:14:17+00:00,,267,266
369,2022-11-11 11:26:29+00:00,2022-11-11 11:26:29+00:00,,275,272
369,2022-11-11 11:26:29+00:00,2022-11-11 11:26:29+00:00,,275,273
369,2022-11-11 11:26:29+00:00,2022-11-11 11:26:29+00:00,,275,274
369,2022-11-12 07:37:44+00:00,2022-11-12 07:37:44+00:00,,277,276
369,2022-11-12 08:00:24+00:00,2022-11-12 08:00:24+00:00,,283,282
369,2022-11-12 08:17:12+00:00,2022-11-12 08:17:12+00:00,,285,284
369,2022-11-12 08:20:00+00:00,2022-11-12 08:20:00+00:00,,287,286
369,2022-11-12 08:51:21+00:00,2022-11-12 08:51:21+00:00,,292,289
369,2022-11-12 08:51:21+00:00,2022-11-12 08:51:21+00:00,,292,290
369,2022-11-12 08:51:21+00:00,2022-11-12 08:51:21+00:00,,292,291
369,2022-11-12 09:01:02+00:00,2022-11-12 09:01:02+00:00,,296,293
369,2022-11-12 09:01:02+00:00,2022-11-12 09:01:02+00:00,,296,294
369,2022-11-12 09:01:02+00:00,2022-11-12 09:01:02+00:00,,296,295
369,2022-11-14 07:41:16+00:00,2022-11-14 07:41:16+00:00,,298,297
369,2022-11-14 08:09:35+00:00,2022-11-14 08:09:35+00:00,,302,301
369,2022-11-14 08:51:22+00:00,2022-11-14 08:51:22+00:00,,306,303
369,2022-11-14 08:51:22+00:00,2022-11-14 08:51:22+00:00,,306,304
369,2022-11-14 08:51:22+00:00,2022-11-14 08:51:22+00:00,,306,305
369,2022-11-14 09:05:23+00:00,2022-11-14 09:05:23+00:00,,310,308
369,2022-11-14 09:05:23+00:00,2022-11-14 09:05:23+00:00,,310,307
369,2022-11-14 09:05:24+00:00,2022-11-14 09:05:24+00:00,,310,309
369,2022-11-14 09:10:56+00:00,2022-11-14 09:10:56+00:00,,314,311
369,2022-11-14 09:10:56+00:00,2022-11-14 09:10:56+00:00,,314,312
369,2022-11-14 09:10:56+00:00,2022-11-14 09:10:56+00:00,,314,313
369,2022-11-14 09:25:10+00:00,2022-11-14 09:25:10+00:00,,322,319
369,2022-11-14 09:25:10+00:00,2022-11-14 09:25:10+00:00,,322,320
369,2022-11-14 09:25:10+00:00,2022-11-14 09:25:10+00:00,,322,321
369,2022-11-14 10:09:55+00:00,2022-11-14 10:09:55+00:00,,326,323
369,2022-11-14 10:09:55+00:00,2022-11-14 10:09:55+00:00,,326,324
369,2022-11-14 10:09:55+00:00,2022-11-14 10:09:55+00:00,,326,325
369,2022-11-14 10:20:04+00:00,2022-11-14 10:20:04+00:00,,330,327
369,2022-11-14 10:20:04+00:00,2022-11-14 10:20:04+00:00,,330,328
369,2022-11-14 10:20:04+00:00,2022-11-14 10:20:04+00:00,,330,329
369,2022-11-14 13:30:28+00:00,2022-11-14 13:30:28+00:00,,103,100
369,2022-11-14 13:30:28+00:00,2022-11-14 13:30:28+00:00,,103,101
369,2022-11-14 13:30:28+00:00,2022-11-14 13:30:28+00:00,,103,102
369,2022-11-14 13:41:13+00:00,2022-11-14 13:41:13+00:00,,335,332
369,2022-11-14 13:41:13+00:00,2022-11-14 13:41:13+00:00,,335,333
369,2022-11-14 13:41:13+00:00,2022-11-14 13:41:13+00:00,,335,334
369,2022-11-14 13:45:24+00:00,2022-11-14 13:45:24+00:00,,339,336
369,2022-11-14 13:45:24+00:00,2022-11-14 13:45:24+00:00,,339,337
369,2022-11-14 13:45:24+00:00,2022-11-14 13:45:24+00:00,,339,338
369,2022-11-14 13:57:55+00:00,2022-11-14 13:57:55+00:00,,348,346
369,2022-11-14 13:57:55+00:00,2022-11-14 13:57:55+00:00,,348,347
369,2022-11-14 14:06:34+00:00,2022-11-14 14:06:34+00:00,,352,349
369,2022-11-14 14:06:34+00:00,2022-11-14 14:06:34+00:00,,352,350
369,2022-11-14 14:06:34+00:00,2022-11-14 14:06:34+00:00,,352,351
369,2022-11-14 14:17:32+00:00,2022-11-14 14:17:32+00:00,,359,356
369,2022-11-14 14:17:32+00:00,2022-11-14 14:17:32+00:00,,359,357
369,2022-11-14 14:17:32+00:00,2022-11-14 14:17:32+00:00,,359,358
369,2022-11-14 14:23:56+00:00,2022-11-14 14:23:56+00:00,,363,361
369,2022-11-14 14:23:56+00:00,2022-11-14 14:23:56+00:00,,363,362
369,2022-11-14 14:23:56+00:00,2022-11-14 14:23:56+00:00,,363,360
369,2022-11-14 14:32:18+00:00,2022-11-14 14:32:18+00:00,,365,364
369,2022-11-14 14:45:37+00:00,2022-11-14 14:45:37+00:00,,367,366
369,2022-11-14 14:50:21+00:00,2022-11-14 14:50:21+00:00,,369,368
369,2022-11-14 14:53:09+00:00,2022-11-14 14:53:09+00:00,,371,370
369,2022-11-14 14:56:58+00:00,2022-11-14 14:56:58+00:00,,374,372
369,2022-11-14 14:56:58+00:00,2022-11-14 14:56:58+00:00,,374,373
369,2022-11-15 07:41:37+00:00,2022-11-15 07:41:37+00:00,,96,94
369,2022-11-15 07:41:37+00:00,2022-11-15 07:41:37+00:00,,96,95
369,2022-11-15 07:43:18+00:00,2022-11-15 07:43:18+00:00,,281,280
369,2022-11-15 08:21:03+00:00,2022-11-15 08:21:03+00:00,,376,375
369,2022-11-15 08:52:33+00:00,2022-11-15 08:52:33+00:00,,379,377
369,2022-11-15 08:52:33+00:00,2022-11-15 08:52:33+00:00,,379,378
369,2022-11-15 09:06:06+00:00,2022-11-15 09:06:06+00:00,,386,383
369,2022-11-15 09:06:06+00:00,2022-11-15 09:06:06+00:00,,386,384
369,2022-11-15 09:06:06+00:00,2022-11-15 09:06:06+00:00,,386,385
369,2022-11-15 09:10:58+00:00,2022-11-15 09:10:58+00:00,,390,387
369,2022-11-15 09:10:58+00:00,2022-11-15 09:10:58+00:00,,390,388
369,2022-11-15 09:10:58+00:00,2022-11-15 09:10:58+00:00,,390,389
369,2022-11-15 09:15:40+00:00,2022-11-15 09:15:40+00:00,,394,391
369,2022-11-15 09:15:40+00:00,2022-11-15 09:15:40+00:00,,394,392
369,2022-11-15 09:15:40+00:00,2022-11-15 09:15:40+00:00,,394,393
369,2022-11-15 13:37:02+00:00,2022-11-15 13:37:02+00:00,,398,395
369,2022-11-15 13:37:02+00:00,2022-11-15 13:37:02+00:00,,398,396
369,2022-11-15 13:37:02+00:00,2022-11-15 13:37:02+00:00,,398,397
369,2022-11-15 13:41:15+00:00,2022-11-15 13:41:15+00:00,,400,399
369,2022-11-15 15:10:57+00:00,2022-11-15 15:10:57+00:00,,345,343
369,2022-11-15 15:15:02+00:00,2022-11-15 15:15:02+00:00,,429,427
369,2022-11-15 15:15:02+00:00,2022-11-15 15:15:02+00:00,,429,428
369,2022-11-15 15:19:03+00:00,2022-11-15 15:19:03+00:00,,432,430
369,2022-11-15 15:19:03+00:00,2022-11-15 15:19:03+00:00,,432,431
369,2022-11-15 15:22:50+00:00,2022-11-15 15:22:50+00:00,,434,433
369,2022-11-15 15:28:45+00:00,2022-11-15 15:28:45+00:00,,437,435
369,2022-11-15 15:28:45+00:00,2022-11-15 15:28:45+00:00,,437,436
369,2022-11-15 15:34:09+00:00,2022-11-15 15:34:09+00:00,,440,438
369,2022-11-15 15:34:09+00:00,2022-11-15 15:34:09+00:00,,440,439
369,2022-11-15 15:36:41+00:00,2022-11-15 15:36:41+00:00,,413,410
369,2022-11-15 15:36:41+00:00,2022-11-15 15:36:41+00:00,,413,412
369,2022-11-15 15:36:41+00:00,2022-11-15 15:36:41+00:00,,413,411
369,2022-11-15 15:38:54+00:00,2022-11-15 15:38:54+00:00,,417,414
369,2022-11-15 15:38:54+00:00,2022-11-15 15:38:54+00:00,,417,415
369,2022-11-15 15:38:54+00:00,2022-11-15 15:38:54+00:00,,417,416
369,2022-11-15 15:46:21+00:00,2022-11-15 15:46:21+00:00,,443,441
369,2022-11-15 15:46:21+00:00,2022-11-15 15:46:21+00:00,,443,442
369,2022-11-15 15:49:30+00:00,2022-11-15 15:49:30+00:00,,445,444
369,2022-11-15 15:54:58+00:00,2022-11-15 15:54:58+00:00,,448,446
369,2022-11-15 15:54:58+00:00,2022-11-15 15:54:58+00:00,,448,447
369,2022-11-15 15:57:45+00:00,2022-11-15 15:57:45+00:00,,450,449
369,2022-11-15 16:00:09+00:00,2022-11-15 16:00:09+00:00,,452,451
369,2022-11-15 16:03:36+00:00,2022-11-15 16:03:36+00:00,,420,418
369,2022-11-15 16:03:36+00:00,2022-11-15 16:03:36+00:00,,420,419
369,2022-11-15 16:04:12+00:00,2022-11-15 16:04:12+00:00,,423,421
369,2022-11-15 16:04:12+00:00,2022-11-15 16:04:12+00:00,,423,422
369,2022-11-15 16:05:27+00:00,2022-11-15 16:05:27+00:00,,409,407
369,2022-11-15 16:05:27+00:00,2022-11-15 16:05:27+00:00,,409,408
369,2022-11-15 16:07:06+00:00,2022-11-15 16:07:06+00:00,,403,402
369,2022-11-15 16:07:06+00:00,2022-11-15 16:07:06+00:00,,403,401
369,2022-11-15 16:08:16+00:00,2022-11-15 16:08:16+00:00,,342,340
369,2022-11-15 16:08:56+00:00,2022-11-15 16:08:56+00:00,,382,380
369,2022-11-16 07:56:59+00:00,2022-11-16 07:56:59+00:00,,454,453
369,2022-11-16 08:07:16+00:00,2022-11-16 08:07:16+00:00,,456,455
369,2022-11-16 08:31:38+00:00,2022-11-16 08:31:38+00:00,,460,457
369,2022-11-16 08:31:38+00:00,2022-11-16 08:31:38+00:00,,460,458
369,2022-11-16 08:31:38+00:00,2022-11-16 08:31:38+00:00,,460,459
369,2022-11-16 08:39:49+00:00,2022-11-16 08:39:49+00:00,,464,461
369,2022-11-16 08:39:49+00:00,2022-11-16 08:39:49+00:00,,464,462
369,2022-11-16 08:39:49+00:00,2022-11-16 08:39:49+00:00,,464,463
369,2022-11-16 08:44:02+00:00,2022-11-16 08:44:02+00:00,,468,465
369,2022-11-16 08:44:02+00:00,2022-11-16 08:44:02+00:00,,468,466
369,2022-11-16 08:44:02+00:00,2022-11-16 08:44:02+00:00,,468,467
369,2022-11-16 08:48:41+00:00,2022-11-16 08:48:41+00:00,,470,469
369,2022-11-16 08:54:23+00:00,2022-11-16 08:54:23+00:00,,474,471
369,2022-11-16 08:54:23+00:00,2022-11-16 08:54:23+00:00,,474,472
369,2022-11-16 08:54:23+00:00,2022-11-16 08:54:23+00:00,,474,473
369,2022-11-16 11:17:25+00:00,2022-11-16 11:17:25+00:00,,478,475
369,2022-11-16 11:17:25+00:00,2022-11-16 11:17:25+00:00,,478,476
369,2022-11-16 11:17:25+00:00,2022-11-16 11:17:25+00:00,,478,477
369,2022-11-16 11:23:22+00:00,2022-11-16 11:23:22+00:00,,482,479
369,2022-11-16 11:23:22+00:00,2022-11-16 11:23:22+00:00,,482,480
369,2022-11-16 11:23:22+00:00,2022-11-16 11:23:22+00:00,,482,481
369,2022-11-16 12:15:37+00:00,2022-11-16 12:15:37+00:00,,486,483
369,2022-11-16 12:15:37+00:00,2022-11-16 12:15:37+00:00,,486,484
369,2022-11-16 12:15:37+00:00,2022-11-16 12:15:37+00:00,,486,485
369,2022-11-16 12:28:18+00:00,2022-11-16 12:28:18+00:00,,491,490
369,2022-11-16 12:53:49+00:00,2022-11-16 12:53:49+00:00,,497,495
369,2022-11-16 12:53:49+00:00,2022-11-16 12:53:49+00:00,,497,496
369,2022-11-16 12:59:38+00:00,2022-11-16 12:59:38+00:00,,500,498
369,2022-11-16 12:59:38+00:00,2022-11-16 12:59:38+00:00,,500,499
369,2022-11-16 13:07:09+00:00,2022-11-16 13:07:09+00:00,,503,501
369,2022-11-16 13:07:09+00:00,2022-11-16 13:07:09+00:00,,503,502
369,2022-11-16 13:14:27+00:00,2022-11-16 13:14:27+00:00,,506,504
369,2022-11-16 13:14:27+00:00,2022-11-16 13:14:27+00:00,,506,505
369,2022-11-16 13:24:47+00:00,2022-11-16 13:24:47+00:00,,509,507
369,2022-11-16 13:24:47+00:00,2022-11-16 13:24:47+00:00,,509,508
369,2022-11-16 13:30:58+00:00,2022-11-16 13:30:58+00:00,,512,510
369,2022-11-16 13:30:58+00:00,2022-11-16 13:30:58+00:00,,512,511
369,2022-11-16 14:07:04+00:00,2022-11-16 14:07:04+00:00,,515,514
369,2022-11-16 14:07:04+00:00,2022-11-16 14:07:04+00:00,,515,513
369,2022-11-16 14:14:14+00:00,2022-11-16 14:14:14+00:00,,518,516
369,2022-11-16 14:14:14+00:00,2022-11-16 14:14:14+00:00,,518,517
369,2022-11-16 14:19:20+00:00,2022-11-16 14:19:20+00:00,,521,519
369,2022-11-16 14:19:20+00:00,2022-11-16 14:19:20+00:00,,521,520
369,2022-11-16 14:28:36+00:00,2022-11-16 14:28:36+00:00,,524,522
369,2022-11-16 14:28:36+00:00,2022-11-16 14:28:36+00:00,,524,523
369,2022-11-16 14:34:41+00:00,2022-11-16 14:34:41+00:00,,527,525
369,2022-11-16 14:34:41+00:00,2022-11-16 14:34:41+00:00,,527,526
369,2022-11-16 14:43:56+00:00,2022-11-16 14:43:56+00:00,,530,528
369,2022-11-16 14:43:56+00:00,2022-11-16 14:43:56+00:00,,530,529
369,2022-11-16 14:50:19+00:00,2022-11-16 14:50:19+00:00,,533,531
369,2022-11-16 14:50:19+00:00,2022-11-16 14:50:19+00:00,,533,532
369,2022-11-16 14:56:53+00:00,2022-11-16 14:56:53+00:00,,536,535
369,2022-11-16 14:56:53+00:00,2022-11-16 14:56:53+00:00,,536,534
369,2022-11-16 15:07:23+00:00,2022-11-16 15:07:23+00:00,,540,537
369,2022-11-16 15:07:23+00:00,2022-11-16 15:07:23+00:00,,540,538
369,2022-11-16 15:07:23+00:00,2022-11-16 15:07:23+00:00,,540,539
369,2022-11-16 15:13:48+00:00,2022-11-16 15:13:48+00:00,,544,541
369,2022-11-16 15:13:48+00:00,2022-11-16 15:13:48+00:00,,544,542
369,2022-11-16 15:13:48+00:00,2022-11-16 15:13:48+00:00,,544,543
369,2022-11-16 15:22:29+00:00,2022-11-16 15:22:29+00:00,,548,545
369,2022-11-16 15:22:29+00:00,2022-11-16 15:22:29+00:00,,548,546
369,2022-11-16 15:22:29+00:00,2022-11-16 15:22:29+00:00,,548,547
369,2022-11-16 15:28:40+00:00,2022-11-16 15:28:40+00:00,,552,549
369,2022-11-16 15:28:40+00:00,2022-11-16 15:28:40+00:00,,552,550
369,2022-11-16 15:28:40+00:00,2022-11-16 15:28:40+00:00,,552,551
369,2022-11-16 15:37:44+00:00,2022-11-16 15:37:44+00:00,,556,555
369,2022-11-16 15:37:44+00:00,2022-11-16 15:37:44+00:00,,556,554
369,2022-11-16 15:37:44+00:00,2022-11-16 15:37:44+00:00,,556,553
369,2022-11-18 08:01:02+00:00,2022-11-18 08:01:02+00:00,,570,569
369,2022-11-18 08:35:42+00:00,2022-11-18 08:35:42+00:00,,574,573
369,2022-11-18 08:49:53+00:00,2022-11-18 08:49:53+00:00,,580,579
369,2022-11-18 09:05:07+00:00,2022-11-18 09:05:07+00:00,,588,585
369,2022-11-18 09:05:07+00:00,2022-11-18 09:05:07+00:00,,588,586
369,2022-11-18 09:05:07+00:00,2022-11-18 09:05:07+00:00,,588,587
369,2022-11-18 09:10:21+00:00,2022-11-18 09:10:21+00:00,,592,589
369,2022-11-18 09:10:21+00:00,2022-11-18 09:10:21+00:00,,592,590
369,2022-11-18 09:10:21+00:00,2022-11-18 09:10:21+00:00,,592,591
369,2022-11-18 09:14:51+00:00,2022-11-18 09:14:51+00:00,,596,593
369,2022-11-18 09:14:51+00:00,2022-11-18 09:14:51+00:00,,596,594
369,2022-11-18 09:14:51+00:00,2022-11-18 09:14:51+00:00,,596,595
369,2022-11-19 08:09:35+00:00,2022-11-19 08:09:35+00:00,,600,597
369,2022-11-19 08:09:35+00:00,2022-11-19 08:09:35+00:00,,600,598
369,2022-11-19 08:09:35+00:00,2022-11-19 08:09:35+00:00,,600,599
369,2022-11-19 08:39:06+00:00,2022-11-19 08:39:06+00:00,,612,609
369,2022-11-19 08:39:06+00:00,2022-11-19 08:39:06+00:00,,612,610
369,2022-11-19 08:39:06+00:00,2022-11-19 08:39:06+00:00,,612,611
369,2022-11-19 08:45:10+00:00,2022-11-19 08:45:10+00:00,,616,613
369,2022-11-19 08:45:10+00:00,2022-11-19 08:45:10+00:00,,616,614
369,2022-11-19 08:45:10+00:00,2022-11-19 08:45:10+00:00,,616,615
369,2022-11-19 08:50:43+00:00,2022-11-19 08:50:43+00:00,,620,617
369,2022-11-19 08:50:43+00:00,2022-11-19 08:50:43+00:00,,620,618
369,2022-11-19 08:50:43+00:00,2022-11-19 08:50:43+00:00,,620,619
369,2022-11-19 08:56:30+00:00,2022-11-19 08:56:30+00:00,,624,621
369,2022-11-19 08:56:30+00:00,2022-11-19 08:56:30+00:00,,624,623
369,2022-11-19 08:56:30+00:00,2022-11-19 08:56:30+00:00,,624,622
369,2022-11-19 09:01:35+00:00,2022-11-19 09:01:35+00:00,,628,625
369,2022-11-19 09:01:35+00:00,2022-11-19 09:01:35+00:00,,628,626
369,2022-11-19 09:01:35+00:00,2022-11-19 09:01:35+00:00,,628,627
369,2022-11-19 09:06:15+00:00,2022-11-19 09:06:15+00:00,,632,629
369,2022-11-19 09:06:15+00:00,2022-11-19 09:06:15+00:00,,632,630
369,2022-11-19 09:06:15+00:00,2022-11-19 09:06:15+00:00,,632,631
369,2022-11-21 08:32:11+00:00,2022-11-21 08:32:11+00:00,,636,633
369,2022-11-21 08:32:11+00:00,2022-11-21 08:32:11+00:00,,636,634
369,2022-11-21 08:32:11+00:00,2022-11-21 08:32:11+00:00,,636,635
369,2022-11-21 09:01:36+00:00,2022-11-21 09:01:36+00:00,,648,645
369,2022-11-21 09:01:36+00:00,2022-11-21 09:01:36+00:00,,648,646
369,2022-11-21 09:01:36+00:00,2022-11-21 09:01:36+00:00,,648,647
369,2022-11-21 09:05:15+00:00,2022-11-21 09:05:15+00:00,,650,649
369,2022-11-22 07:59:08+00:00,2022-11-22 07:59:08+00:00,,177,174
369,2022-11-22 07:59:08+00:00,2022-11-22 07:59:08+00:00,,177,175
369,2022-11-22 07:59:08+00:00,2022-11-22 07:59:08+00:00,,177,176
369,2022-11-22 07:59:51+00:00,2022-11-22 07:59:51+00:00,,181,178
369,2022-11-22 07:59:51+00:00,2022-11-22 07:59:51+00:00,,181,179
369,2022-11-22 07:59:51+00:00,2022-11-22 07:59:51+00:00,,181,180
369,2022-11-22 08:49:41+00:00,2022-11-22 08:49:41+00:00,,654,651
369,2022-11-22 08:49:41+00:00,2022-11-22 08:49:41+00:00,,654,653
369,2022-11-22 08:49:41+00:00,2022-11-22 08:49:41+00:00,,654,652
369,2022-11-22 08:56:26+00:00,2022-11-22 08:56:26+00:00,,658,655
369,2022-11-22 08:56:26+00:00,2022-11-22 08:56:26+00:00,,658,656
369,2022-11-22 08:56:26+00:00,2022-11-22 08:56:26+00:00,,658,657
369,2022-11-22 09:02:35+00:00,2022-11-22 09:02:35+00:00,,662,659
369,2022-11-22 09:02:35+00:00,2022-11-22 09:02:35+00:00,,662,660
369,2022-11-22 09:02:35+00:00,2022-11-22 09:02:35+00:00,,662,661
369,2022-11-22 09:07:52+00:00,2022-11-22 09:07:52+00:00,,666,663
369,2022-11-22 09:07:52+00:00,2022-11-22 09:07:52+00:00,,666,664
369,2022-11-22 09:07:52+00:00,2022-11-22 09:07:52+00:00,,666,665
369,2022-11-23 08:27:15+00:00,2022-11-23 08:27:15+00:00,,670,667
369,2022-11-23 08:27:15+00:00,2022-11-23 08:27:15+00:00,,670,669
369,2022-11-23 08:27:15+00:00,2022-11-23 08:27:15+00:00,,670,668
369,2022-11-23 08:32:32+00:00,2022-11-23 08:32:32+00:00,,674,671
369,2022-11-23 08:32:32+00:00,2022-11-23 08:32:32+00:00,,674,672
369,2022-11-23 08:32:32+00:00,2022-11-23 08:32:32+00:00,,674,673
369,2022-11-24 07:53:52+00:00,2022-11-24 07:53:52+00:00,,259,257
369,2022-11-24 07:53:52+00:00,2022-11-24 07:53:52+00:00,,259,256
369,2022-11-24 07:53:52+00:00,2022-11-24 07:53:52+00:00,,259,258
369,2022-11-24 07:55:47+00:00,2022-11-24 07:55:47+00:00,,271,268
369,2022-11-24 07:55:47+00:00,2022-11-24 07:55:47+00:00,,271,269
369,2022-11-24 07:55:47+00:00,2022-11-24 07:55:47+00:00,,271,270
369,2022-11-25 08:16:31+00:00,2022-11-25 08:16:31+00:00,,263,260
369,2022-11-25 08:16:31+00:00,2022-11-25 08:16:31+00:00,,263,261
369,2022-11-25 08:16:31+00:00,2022-11-25 08:16:31+00:00,,263,262
369,2022-11-25 08:57:45+00:00,2022-11-25 08:57:45+00:00,,682,679
369,2022-11-25 08:57:45+00:00,2022-11-25 08:57:45+00:00,,682,680
369,2022-11-25 08:57:45+00:00,2022-11-25 08:57:45+00:00,,682,681
369,2022-11-25 12:31:49+00:00,2022-11-25 12:31:49+00:00,,702,699
369,2022-11-25 12:31:49+00:00,2022-11-25 12:31:49+00:00,,702,700
369,2022-11-25 12:31:49+00:00,2022-11-25 12:31:49+00:00,,702,701
369,2022-11-25 14:18:40+00:00,2022-11-25 14:18:40+00:00,,426,424
369,2022-11-25 14:18:40+00:00,2022-11-25 14:18:40+00:00,,426,425
369,2022-11-25 14:22:01+00:00,2022-11-25 14:22:01+00:00,,215,212
369,2022-11-25 14:22:01+00:00,2022-11-25 14:22:01+00:00,,215,213
369,2022-11-25 14:22:01+00:00,2022-11-25 14:22:01+00:00,,215,214
369,2022-11-25 14:23:27+00:00,2022-11-25 14:23:27+00:00,,247,244
369,2022-11-25 14:23:27+00:00,2022-11-25 14:23:27+00:00,,247,245
369,2022-11-25 14:23:27+00:00,2022-11-25 14:23:27+00:00,,247,246
369,2022-11-26 08:17:20+00:00,2022-11-26 08:17:20+00:00,,706,703
369,2022-11-26 08:17:20+00:00,2022-11-26 08:17:20+00:00,,706,704
369,2022-11-26 08:17:20+00:00,2022-11-26 08:17:20+00:00,,706,705
369,2022-11-26 08:33:03+00:00,2022-11-26 08:33:03+00:00,,710,707
369,2022-11-26 08:33:03+00:00,2022-11-26 08:33:03+00:00,,710,708
369,2022-11-26 08:33:03+00:00,2022-11-26 08:33:03+00:00,,710,709
369,2022-11-26 08:38:45+00:00,2022-11-26 08:38:45+00:00,,714,711
369,2022-11-26 08:38:45+00:00,2022-11-26 08:38:45+00:00,,714,712
369,2022-11-26 08:38:46+00:00,2022-11-26 08:38:46+00:00,,714,713
369,2022-11-28 08:43:44+00:00,2022-11-28 08:43:44+00:00,,728,725
369,2022-11-28 08:43:44+00:00,2022-11-28 08:43:44+00:00,,728,726
369,2022-11-28 08:43:44+00:00,2022-11-28 08:43:44+00:00,,728,727
369,2022-11-28 08:48:58+00:00,2022-11-28 08:48:58+00:00,,732,729
369,2022-11-28 08:48:58+00:00,2022-11-28 08:48:58+00:00,,732,730
369,2022-11-28 08:48:58+00:00,2022-11-28 08:48:58+00:00,,732,731
369,2022-11-28 08:55:26+00:00,2022-11-28 08:55:26+00:00,,736,733
369,2022-11-28 08:55:26+00:00,2022-11-28 08:55:26+00:00,,736,734
369,2022-11-28 08:55:26+00:00,2022-11-28 08:55:26+00:00,,736,735
369,2022-11-28 09:02:07+00:00,2022-11-28 09:02:07+00:00,,740,737
369,2022-11-28 09:02:07+00:00,2022-11-28 09:02:07+00:00,,740,738
369,2022-11-28 09:02:07+00:00,2022-11-28 09:02:07+00:00,,740,739
369,2022-11-29 08:56:50+00:00,2022-11-29 08:56:50+00:00,,742,741
369,2022-11-29 08:58:49+00:00,2022-11-29 08:58:49+00:00,,744,743
369,2022-12-01 07:56:49+00:00,2022-12-01 07:56:49+00:00,,251,248
369,2022-12-01 07:56:49+00:00,2022-12-01 07:56:49+00:00,,251,249
369,2022-12-01 07:56:49+00:00,2022-12-01 07:56:49+00:00,,251,250
369,2022-12-01 07:57:55+00:00,2022-12-01 07:57:55+00:00,,318,315
369,2022-12-01 07:57:55+00:00,2022-12-01 07:57:55+00:00,,318,316
369,2022-12-01 07:57:55+00:00,2022-12-01 07:57:55+00:00,,318,317
369,2022-12-02 08:29:52+00:00,2022-12-02 08:29:52+00:00,,752,749
369,2022-12-02 08:29:52+00:00,2022-12-02 08:29:52+00:00,,752,750
369,2022-12-02 08:29:52+00:00,2022-12-02 08:29:52+00:00,,752,751
369,2022-12-02 08:35:33+00:00,2022-12-02 08:35:33+00:00,,755,753
369,2022-12-02 08:35:33+00:00,2022-12-02 08:35:33+00:00,,755,754
369,2022-12-02 08:49:56+00:00,2022-12-02 08:49:56+00:00,,759,756
369,2022-12-02 08:49:56+00:00,2022-12-02 08:49:56+00:00,,759,757
369,2022-12-02 08:49:56+00:00,2022-12-02 08:49:56+00:00,,759,758
369,2022-12-02 09:10:06+00:00,2022-12-02 09:10:06+00:00,,228,225
369,2022-12-02 09:10:06+00:00,2022-12-02 09:10:06+00:00,,228,226
369,2022-12-02 09:10:06+00:00,2022-12-02 09:10:06+00:00,,228,227
369,2022-12-02 09:11:24+00:00,2022-12-02 09:11:24+00:00,,255,252
369,2022-12-02 09:11:24+00:00,2022-12-02 09:11:24+00:00,,255,253
369,2022-12-02 09:11:24+00:00,2022-12-02 09:11:24+00:00,,255,254
369,2022-12-02 09:19:25+00:00,2022-12-02 09:19:25+00:00,,232,229
369,2022-12-02 09:19:25+00:00,2022-12-02 09:19:25+00:00,,232,230
369,2022-12-02 09:19:25+00:00,2022-12-02 09:19:25+00:00,,232,231
369,2022-12-06 08:27:24+00:00,2022-12-06 08:27:24+00:00,,763,760
369,2022-12-06 08:27:24+00:00,2022-12-06 08:27:24+00:00,,763,761
369,2022-12-06 08:27:24+00:00,2022-12-06 08:27:24+00:00,,763,762
369,2022-12-06 08:33:21+00:00,2022-12-06 08:33:21+00:00,,766,764
369,2022-12-06 08:33:21+00:00,2022-12-06 08:33:21+00:00,,766,765
369,2022-12-06 08:42:25+00:00,2022-12-06 08:42:25+00:00,,770,767
369,2022-12-06 08:42:25+00:00,2022-12-06 08:42:25+00:00,,770,768
369,2022-12-06 08:42:25+00:00,2022-12-06 08:42:25+00:00,,770,769
369,2022-12-06 08:47:41+00:00,2022-12-06 08:47:41+00:00,,774,771
369,2022-12-06 08:47:41+00:00,2022-12-06 08:47:41+00:00,,774,772
369,2022-12-06 08:47:41+00:00,2022-12-06 08:47:41+00:00,,774,773
369,2022-12-06 08:52:33+00:00,2022-12-06 08:52:33+00:00,,778,775
369,2022-12-06 08:52:33+00:00,2022-12-06 08:52:33+00:00,,778,776
369,2022-12-06 08:52:33+00:00,2022-12-06 08:52:33+00:00,,778,777
369,2022-12-06 09:00:58+00:00,2022-12-06 09:00:58+00:00,,782,779
369,2022-12-06 09:00:58+00:00,2022-12-06 09:00:58+00:00,,782,780
369,2022-12-06 09:00:58+00:00,2022-12-06 09:00:58+00:00,,782,781
369,2022-12-06 09:06:34+00:00,2022-12-06 09:06:34+00:00,,786,783
369,2022-12-06 09:06:34+00:00,2022-12-06 09:06:34+00:00,,786,784
369,2022-12-06 09:06:34+00:00,2022-12-06 09:06:34+00:00,,786,785
369,2022-12-06 09:11:41+00:00,2022-12-06 09:11:41+00:00,,790,787
369,2022-12-06 09:11:41+00:00,2022-12-06 09:11:41+00:00,,790,788
369,2022-12-06 09:11:41+00:00,2022-12-06 09:11:41+00:00,,790,789
369,2022-12-06 09:16:32+00:00,2022-12-06 09:16:32+00:00,,794,791
369,2022-12-06 09:16:32+00:00,2022-12-06 09:16:32+00:00,,794,792
369,2022-12-06 09:16:32+00:00,2022-12-06 09:16:32+00:00,,794,793
369,2022-12-06 09:21:44+00:00,2022-12-06 09:21:44+00:00,,798,795
369,2022-12-06 09:21:44+00:00,2022-12-06 09:21:44+00:00,,798,796
369,2022-12-06 09:21:44+00:00,2022-12-06 09:21:44+00:00,,798,797
369,2022-12-06 09:27:36+00:00,2022-12-06 09:27:36+00:00,,802,799
369,2022-12-06 09:27:36+00:00,2022-12-06 09:27:36+00:00,,802,800
369,2022-12-06 09:27:36+00:00,2022-12-06 09:27:36+00:00,,802,801
369,2022-12-07 08:32:43+00:00,2022-12-07 08:32:43+00:00,,804,803
369,2022-12-07 08:38:58+00:00,2022-12-07 08:38:58+00:00,,807,805
369,2022-12-07 08:38:58+00:00,2022-12-07 08:38:58+00:00,,807,806
369,2022-12-07 08:43:17+00:00,2022-12-07 08:43:17+00:00,,810,808
369,2022-12-07 08:43:17+00:00,2022-12-07 08:43:17+00:00,,810,809
369,2022-12-07 08:47:29+00:00,2022-12-07 08:47:29+00:00,,812,811
369,2022-12-10 08:38:28+00:00,2022-12-10 08:38:28+00:00,,816,813
369,2022-12-10 08:38:28+00:00,2022-12-10 08:38:28+00:00,,816,814
369,2022-12-10 08:38:28+00:00,2022-12-10 08:38:28+00:00,,816,815
369,2022-12-10 08:44:07+00:00,2022-12-10 08:44:07+00:00,,820,817
369,2022-12-10 08:44:07+00:00,2022-12-10 08:44:07+00:00,,820,818
369,2022-12-10 08:44:07+00:00,2022-12-10 08:44:07+00:00,,820,819
369,2022-12-10 08:49:04+00:00,2022-12-10 08:49:04+00:00,,824,821
369,2022-12-10 08:49:04+00:00,2022-12-10 08:49:04+00:00,,824,822
369,2022-12-10 08:49:04+00:00,2022-12-10 08:49:04+00:00,,824,823
369,2022-12-12 09:34:16+00:00,2022-12-12 09:34:16+00:00,,827,825
369,2022-12-12 09:34:16+00:00,2022-12-12 09:34:16+00:00,,827,826
369,2022-12-12 09:38:18+00:00,2022-12-12 09:38:18+00:00,,830,828
369,2022-12-12 09:38:18+00:00,2022-12-12 09:38:18+00:00,,830,829
369,2022-12-12 09:50:08+00:00,2022-12-12 09:50:08+00:00,,838,835
369,2022-12-12 09:50:08+00:00,2022-12-12 09:50:08+00:00,,838,836
369,2022-12-12 09:50:09+00:00,2022-12-12 09:50:09+00:00,,838,837
369,2022-12-12 09:56:58+00:00,2022-12-12 09:56:58+00:00,,842,839
369,2022-12-12 09:56:58+00:00,2022-12-12 09:56:58+00:00,,842,840
369,2022-12-12 09:56:58+00:00,2022-12-12 09:56:58+00:00,,842,841
369,2022-12-12 10:01:43+00:00,2022-12-12 10:01:43+00:00,,846,843
369,2022-12-12 10:01:43+00:00,2022-12-12 10:01:43+00:00,,846,844
369,2022-12-12 10:01:43+00:00,2022-12-12 10:01:43+00:00,,846,845
369,2022-12-13 07:37:25+00:00,2022-12-13 07:37:25+00:00,,355,353
369,2022-12-13 07:40:27+00:00,2022-12-13 07:40:27+00:00,,331,29
369,2022-12-13 07:41:12+00:00,2022-12-13 07:41:12+00:00,,678,675
369,2022-12-13 07:41:12+00:00,2022-12-13 07:41:12+00:00,,678,676
369,2022-12-13 07:41:12+00:00,2022-12-13 07:41:12+00:00,,678,677
369,2022-12-13 07:42:12+00:00,2022-12-13 07:42:12+00:00,,686,683
369,2022-12-13 07:42:12+00:00,2022-12-13 07:42:12+00:00,,686,684
369,2022-12-13 07:42:12+00:00,2022-12-13 07:42:12+00:00,,686,685
369,2022-12-13 07:42:57+00:00,2022-12-13 07:42:57+00:00,,224,222
369,2022-12-13 07:42:57+00:00,2022-12-13 07:42:57+00:00,,224,223
369,2022-12-13 07:44:34+00:00,2022-12-13 07:44:34+00:00,,644,641
369,2022-12-13 07:44:34+00:00,2022-12-13 07:44:34+00:00,,644,642
369,2022-12-13 07:44:34+00:00,2022-12-13 07:44:34+00:00,,644,643
369,2022-12-13 07:45:50+00:00,2022-12-13 07:45:50+00:00,,640,637
369,2022-12-13 07:45:50+00:00,2022-12-13 07:45:50+00:00,,640,638
369,2022-12-13 07:45:50+00:00,2022-12-13 07:45:50+00:00,,640,639
369,2022-12-13 08:39:26+00:00,2022-12-13 08:39:26+00:00,,850,847
369,2022-12-13 08:39:26+00:00,2022-12-13 08:39:26+00:00,,850,848
369,2022-12-13 08:39:26+00:00,2022-12-13 08:39:26+00:00,,850,849
369,2022-12-13 08:50:51+00:00,2022-12-13 08:50:51+00:00,,854,851
369,2022-12-13 08:50:51+00:00,2022-12-13 08:50:51+00:00,,854,852
369,2022-12-13 08:50:51+00:00,2022-12-13 08:50:51+00:00,,854,853
369,2022-12-13 11:17:12+00:00,2022-12-13 11:17:12+00:00,,564,563
369,2022-12-14 08:37:14+00:00,2022-12-14 08:37:14+00:00,,857,855
369,2022-12-14 08:37:14+00:00,2022-12-14 08:37:14+00:00,,857,856
369,2022-12-14 08:50:19+00:00,2022-12-14 08:50:19+00:00,,861,858
369,2022-12-14 08:50:19+00:00,2022-12-14 08:50:19+00:00,,861,859
369,2022-12-14 08:50:19+00:00,2022-12-14 08:50:19+00:00,,861,860
369,2022-12-14 09:04:32+00:00,2022-12-14 09:04:32+00:00,,865,862
369,2022-12-14 09:04:32+00:00,2022-12-14 09:04:32+00:00,,865,863
369,2022-12-14 09:04:32+00:00,2022-12-14 09:04:32+00:00,,865,864
369,2022-12-15 07:56:35+00:00,2022-12-15 07:56:35+00:00,,867,866
369,2022-12-15 08:03:27+00:00,2022-12-15 08:03:27+00:00,,566,565
369,2022-12-15 08:05:11+00:00,2022-12-15 08:05:11+00:00,,690,687
369,2022-12-15 08:05:11+00:00,2022-12-15 08:05:11+00:00,,690,689
369,2022-12-15 08:05:11+00:00,2022-12-15 08:05:11+00:00,,690,688
369,2022-12-15 08:08:22+00:00,2022-12-15 08:08:22+00:00,,694,691
369,2022-12-15 08:08:22+00:00,2022-12-15 08:08:22+00:00,,694,692
369,2022-12-15 08:08:22+00:00,2022-12-15 08:08:22+00:00,,694,693
369,2022-12-15 08:08:57+00:00,2022-12-15 08:08:57+00:00,,698,695
369,2022-12-15 08:08:57+00:00,2022-12-15 08:08:57+00:00,,698,696
369,2022-12-15 08:08:57+00:00,2022-12-15 08:08:57+00:00,,698,697
369,2022-12-15 08:25:18+00:00,2022-12-15 08:25:18+00:00,,871,868
369,2022-12-15 08:25:18+00:00,2022-12-15 08:25:18+00:00,,871,869
369,2022-12-15 08:25:18+00:00,2022-12-15 08:25:18+00:00,,871,870
369,2022-12-15 08:31:43+00:00,2022-12-15 08:31:43+00:00,,875,872
369,2022-12-15 08:31:43+00:00,2022-12-15 08:31:43+00:00,,875,873
369,2022-12-15 08:31:43+00:00,2022-12-15 08:31:43+00:00,,875,874
369,2022-12-16 08:39:07+00:00,2022-12-16 08:39:07+00:00,,879,876
369,2022-12-16 08:39:07+00:00,2022-12-16 08:39:07+00:00,,879,877
369,2022-12-16 08:39:07+00:00,2022-12-16 08:39:07+00:00,,879,878
369,2022-12-16 08:51:15+00:00,2022-12-16 08:51:15+00:00,,887,884
369,2022-12-16 08:51:15+00:00,2022-12-16 08:51:15+00:00,,887,885
369,2022-12-16 08:51:15+00:00,2022-12-16 08:51:15+00:00,,887,886
369,2022-12-16 08:56:15+00:00,2022-12-16 08:56:15+00:00,,891,888
369,2022-12-16 08:56:15+00:00,2022-12-16 08:56:15+00:00,,891,889
369,2022-12-16 08:56:15+00:00,2022-12-16 08:56:15+00:00,,891,890
369,2022-12-16 09:03:17+00:00,2022-12-16 09:03:17+00:00,,894,892
369,2022-12-16 09:03:17+00:00,2022-12-16 09:03:17+00:00,,894,893
369,2022-12-16 09:11:00+00:00,2022-12-16 09:11:00+00:00,,898,895
369,2022-12-16 09:11:01+00:00,2022-12-16 09:11:01+00:00,,898,896
369,2022-12-16 09:11:01+00:00,2022-12-16 09:11:01+00:00,,898,897
369,2022-12-16 09:17:31+00:00,2022-12-16 09:17:31+00:00,,902,899
369,2022-12-16 09:17:31+00:00,2022-12-16 09:17:31+00:00,,902,900
369,2022-12-16 09:17:31+00:00,2022-12-16 09:17:31+00:00,,902,901
369,2022-12-16 09:22:23+00:00,2022-12-16 09:22:23+00:00,,906,903
369,2022-12-16 09:22:23+00:00,2022-12-16 09:22:23+00:00,,906,904
369,2022-12-16 09:22:23+00:00,2022-12-16 09:22:23+00:00,,906,905
369,2022-12-19 08:20:16+00:00,2022-12-19 08:20:16+00:00,,910,907
369,2022-12-19 08:20:16+00:00,2022-12-19 08:20:16+00:00,,910,908
369,2022-12-19 08:20:16+00:00,2022-12-19 08:20:16+00:00,,910,909
369,2022-12-19 08:25:30+00:00,2022-12-19 08:25:30+00:00,,914,912
369,2022-12-19 08:25:30+00:00,2022-12-19 08:25:30+00:00,,914,911
369,2022-12-19 08:25:30+00:00,2022-12-19 08:25:30+00:00,,914,913
369,2022-12-19 08:30:11+00:00,2022-12-19 08:30:11+00:00,,918,915
369,2022-12-19 08:30:11+00:00,2022-12-19 08:30:11+00:00,,918,916
369,2022-12-19 08:30:11+00:00,2022-12-19 08:30:11+00:00,,918,917
369,2022-12-19 08:35:04+00:00,2022-12-19 08:35:04+00:00,,922,919
369,2022-12-19 08:35:04+00:00,2022-12-19 08:35:04+00:00,,922,920
369,2022-12-19 08:35:04+00:00,2022-12-19 08:35:04+00:00,,922,921
369,2022-12-19 08:40:01+00:00,2022-12-19 08:40:01+00:00,,926,923
369,2022-12-19 08:40:01+00:00,2022-12-19 08:40:01+00:00,,926,924
369,2022-12-19 08:40:01+00:00,2022-12-19 08:40:01+00:00,,926,925
369,2022-12-19 08:43:54+00:00,2022-12-19 08:43:54+00:00,,930,927
369,2022-12-19 08:43:54+00:00,2022-12-19 08:43:54+00:00,,930,928
369,2022-12-19 08:43:54+00:00,2022-12-19 08:43:54+00:00,,930,929
369,2022-12-19 08:48:57+00:00,2022-12-19 08:48:57+00:00,,934,931
369,2022-12-19 08:48:57+00:00,2022-12-19 08:48:57+00:00,,934,932
369,2022-12-19 08:48:57+00:00,2022-12-19 08:48:57+00:00,,934,933
369,2022-12-19 08:53:29+00:00,2022-12-19 08:53:29+00:00,,938,935
369,2022-12-19 08:53:29+00:00,2022-12-19 08:53:29+00:00,,938,936
369,2022-12-19 08:53:29+00:00,2022-12-19 08:53:29+00:00,,938,937
369,2022-12-19 08:58:27+00:00,2022-12-19 08:58:27+00:00,,942,939
369,2022-12-19 08:58:27+00:00,2022-12-19 08:58:27+00:00,,942,940
369,2022-12-19 08:58:27+00:00,2022-12-19 08:58:27+00:00,,942,941
369,2022-12-20 08:15:37+00:00,2022-12-20 08:15:37+00:00,,946,943
369,2022-12-20 08:15:37+00:00,2022-12-20 08:15:37+00:00,,946,944
369,2022-12-20 08:15:37+00:00,2022-12-20 08:15:37+00:00,,946,945
369,2022-12-20 08:23:24+00:00,2022-12-20 08:23:24+00:00,,950,947
369,2022-12-20 08:23:24+00:00,2022-12-20 08:23:24+00:00,,950,948
369,2022-12-20 08:23:24+00:00,2022-12-20 08:23:24+00:00,,950,949
369,2022-12-21 08:18:09+00:00,2022-12-21 08:18:09+00:00,,952,951
369,2022-12-21 08:20:31+00:00,2022-12-21 08:20:31+00:00,,954,953
369,2022-12-21 08:24:38+00:00,2022-12-21 08:24:38+00:00,,958,955
369,2022-12-21 08:24:38+00:00,2022-12-21 08:24:38+00:00,,958,956
369,2022-12-21 08:24:38+00:00,2022-12-21 08:24:38+00:00,,958,957
369,2022-12-21 08:37:05+00:00,2022-12-21 08:37:05+00:00,,966,963
369,2022-12-21 08:37:05+00:00,2022-12-21 08:37:05+00:00,,966,964
369,2022-12-21 08:37:06+00:00,2022-12-21 08:37:06+00:00,,966,965
369,2022-12-22 08:41:56+00:00,2022-12-22 08:41:56+00:00,,970,967
369,2022-12-22 08:41:56+00:00,2022-12-22 08:41:56+00:00,,970,968
369,2022-12-22 08:41:56+00:00,2022-12-22 08:41:56+00:00,,970,969
369,2022-12-22 08:49:02+00:00,2022-12-22 08:49:02+00:00,,974,971
369,2022-12-22 08:49:02+00:00,2022-12-22 08:49:02+00:00,,974,972
369,2022-12-22 08:49:02+00:00,2022-12-22 08:49:02+00:00,,974,973
369,2022-12-22 08:54:33+00:00,2022-12-22 08:54:33+00:00,,978,975
369,2022-12-22 08:54:33+00:00,2022-12-22 08:54:33+00:00,,978,976
369,2022-12-22 08:54:33+00:00,2022-12-22 08:54:33+00:00,,978,977
369,2022-12-22 09:00:25+00:00,2022-12-22 09:00:25+00:00,,980,979
369,2022-12-22 09:02:45+00:00,2022-12-22 09:02:45+00:00,,982,981
369,2022-12-22 09:05:55+00:00,2022-12-22 09:05:55+00:00,,984,983
369,2022-12-26 08:22:55+00:00,2022-12-26 08:22:55+00:00,,986,985
369,2022-12-26 08:30:37+00:00,2022-12-26 08:30:37+00:00,,990,987
369,2022-12-26 08:30:38+00:00,2022-12-26 08:30:38+00:00,,990,988
369,2022-12-26 08:30:38+00:00,2022-12-26 08:30:38+00:00,,990,989
369,2022-12-26 08:36:31+00:00,2022-12-26 08:36:31+00:00,,994,991
369,2022-12-26 08:36:31+00:00,2022-12-26 08:36:31+00:00,,994,992
369,2022-12-26 08:36:31+00:00,2022-12-26 08:36:31+00:00,,994,993
369,2022-12-26 08:55:19+00:00,2022-12-26 08:55:19+00:00,,1010,1007
369,2022-12-26 08:55:19+00:00,2022-12-26 08:55:19+00:00,,1010,1008
369,2022-12-26 08:55:19+00:00,2022-12-26 08:55:19+00:00,,1010,1009
369,2022-12-26 08:59:13+00:00,2022-12-26 08:59:13+00:00,,1014,1011
369,2022-12-26 08:59:13+00:00,2022-12-26 08:59:13+00:00,,1014,1012
369,2022-12-26 08:59:14+00:00,2022-12-26 08:59:14+00:00,,1014,1013
369,2022-12-26 09:03:49+00:00,2022-12-26 09:03:49+00:00,,1018,1015
369,2022-12-26 09:03:49+00:00,2022-12-26 09:03:49+00:00,,1018,1016
369,2022-12-26 09:03:49+00:00,2022-12-26 09:03:49+00:00,,1018,1017
369,2022-12-26 09:08:59+00:00,2022-12-26 09:08:59+00:00,,1022,1019
369,2022-12-26 09:08:59+00:00,2022-12-26 09:08:59+00:00,,1022,1020
369,2022-12-26 09:08:59+00:00,2022-12-26 09:08:59+00:00,,1022,1021
369,2022-12-26 09:19:51+00:00,2022-12-26 09:19:51+00:00,,1006,1003
369,2022-12-26 09:19:51+00:00,2022-12-26 09:19:51+00:00,,1006,1004
369,2022-12-26 09:23:22+00:00,2022-12-26 09:23:22+00:00,,1026,1023
369,2022-12-26 09:23:22+00:00,2022-12-26 09:23:22+00:00,,1026,1024
369,2022-12-26 09:23:22+00:00,2022-12-26 09:23:22+00:00,,1026,1025
369,2022-12-26 09:28:03+00:00,2022-12-26 09:28:03+00:00,,1030,1027
369,2022-12-26 09:28:03+00:00,2022-12-26 09:28:03+00:00,,1030,1028
369,2022-12-26 09:28:04+00:00,2022-12-26 09:28:04+00:00,,1030,1029
369,2022-12-26 12:23:30+00:00,2022-12-26 12:23:30+00:00,,1034,1031
369,2022-12-26 12:23:30+00:00,2022-12-26 12:23:30+00:00,,1034,1032
369,2022-12-26 12:23:30+00:00,2022-12-26 12:23:30+00:00,,1034,1033
369,2022-12-26 12:29:57+00:00,2022-12-26 12:29:57+00:00,,1037,1035
369,2022-12-26 12:33:37+00:00,2022-12-26 12:33:37+00:00,,1040,1038
369,2022-12-26 12:33:37+00:00,2022-12-26 12:33:37+00:00,,1040,1039
369,2022-12-26 12:37:25+00:00,2022-12-26 12:37:25+00:00,,1043,1041
369,2022-12-26 12:40:51+00:00,2022-12-26 12:40:51+00:00,,1046,1044
369,2022-12-26 12:40:51+00:00,2022-12-26 12:40:51+00:00,,1046,1045
369,2022-12-26 12:45:02+00:00,2022-12-26 12:45:02+00:00,,1049,1047
369,2022-12-26 12:45:02+00:00,2022-12-26 12:45:02+00:00,,1049,1048
369,2022-12-26 12:48:35+00:00,2022-12-26 12:48:35+00:00,,1052,1050
369,2022-12-26 12:48:35+00:00,2022-12-26 12:48:35+00:00,,1052,1051
369,2022-12-26 12:51:54+00:00,2022-12-26 12:51:54+00:00,,1055,1053
369,2022-12-26 12:51:54+00:00,2022-12-26 12:51:54+00:00,,1055,1054
369,2022-12-27 08:38:22+00:00,2022-12-27 08:38:22+00:00,,1059,1056
369,2022-12-27 08:38:22+00:00,2022-12-27 08:38:22+00:00,,1059,1057
369,2022-12-27 08:38:22+00:00,2022-12-27 08:38:22+00:00,,1059,1058
369,2022-12-27 08:51:33+00:00,2022-12-27 08:51:33+00:00,,1062,1060
369,2022-12-27 08:51:33+00:00,2022-12-27 08:51:33+00:00,,1062,1061
369,2022-12-27 08:55:17+00:00,2022-12-27 08:55:17+00:00,,1065,1063
369,2022-12-27 08:55:17+00:00,2022-12-27 08:55:17+00:00,,1065,1064
369,2022-12-27 08:59:39+00:00,2022-12-27 08:59:39+00:00,,1068,1066
369,2022-12-27 08:59:39+00:00,2022-12-27 08:59:39+00:00,,1068,1067
369,2022-12-27 09:03:14+00:00,2022-12-27 09:03:14+00:00,,1071,1069
369,2022-12-27 09:03:14+00:00,2022-12-27 09:03:14+00:00,,1071,1070
369,2022-12-27 09:06:43+00:00,2022-12-27 09:06:43+00:00,,1074,1072
369,2022-12-27 09:06:43+00:00,2022-12-27 09:06:43+00:00,,1074,1073
369,2022-12-27 09:10:10+00:00,2022-12-27 09:10:10+00:00,,1077,1075
369,2022-12-27 09:10:10+00:00,2022-12-27 09:10:10+00:00,,1077,1076
369,2022-12-27 09:13:52+00:00,2022-12-27 09:13:52+00:00,,1080,1078
369,2022-12-27 09:13:52+00:00,2022-12-27 09:13:52+00:00,,1080,1079
369,2022-12-27 09:17:27+00:00,2022-12-27 09:17:27+00:00,,1083,1081
369,2022-12-27 09:17:27+00:00,2022-12-27 09:17:27+00:00,,1083,1082
369,2022-12-27 09:22:15+00:00,2022-12-27 09:22:15+00:00,,1087,1084
369,2022-12-27 09:22:15+00:00,2022-12-27 09:22:15+00:00,,1087,1085
369,2022-12-27 09:22:15+00:00,2022-12-27 09:22:15+00:00,,1087,1086
369,2022-12-27 09:25:48+00:00,2022-12-27 09:25:48+00:00,,1089,1088
369,2022-12-28 08:39:44+00:00,2022-12-28 08:39:44+00:00,,1093,1090
369,2022-12-28 08:39:45+00:00,2022-12-28 08:39:45+00:00,,1093,1091
369,2022-12-28 08:39:45+00:00,2022-12-28 08:39:45+00:00,,1093,1092
369,2022-12-28 08:44:37+00:00,2022-12-28 08:44:37+00:00,,1097,1094
369,2022-12-28 08:44:38+00:00,2022-12-28 08:44:38+00:00,,1097,1095
369,2022-12-28 08:44:38+00:00,2022-12-28 08:44:38+00:00,,1097,1096
369,2022-12-28 08:50:44+00:00,2022-12-28 08:50:44+00:00,,1101,1098
369,2022-12-28 08:50:44+00:00,2022-12-28 08:50:44+00:00,,1101,1099
369,2022-12-28 08:50:44+00:00,2022-12-28 08:50:44+00:00,,1101,1100
369,2022-12-30 08:56:53+00:00,2022-12-30 08:56:53+00:00,,1104,1102
369,2022-12-30 08:56:54+00:00,2022-12-30 08:56:54+00:00,,1104,1103
369,2022-12-30 09:00:08+00:00,2022-12-30 09:00:08+00:00,,1107,1105
369,2022-12-30 09:00:08+00:00,2022-12-30 09:00:08+00:00,,1107,1106
369,2023-01-03 08:16:31+00:00,2023-01-03 08:16:31+00:00,,1002,999
369,2023-01-03 08:16:31+00:00,2023-01-03 08:16:31+00:00,,1002,1000
369,2023-01-03 08:16:31+00:00,2023-01-03 08:16:31+00:00,,1002,1001
369,2023-01-09 10:18:56+00:00,2023-01-09 10:18:56+00:00,,962,959
369,2023-01-09 10:18:56+00:00,2023-01-09 10:18:56+00:00,,962,960
369,2023-01-09 10:18:57+00:00,2023-01-09 10:18:57+00:00,,962,961
369,2023-01-09 10:20:57+00:00,2023-01-09 10:20:57+00:00,,1109,831
369,2023-01-09 10:20:57+00:00,2023-01-09 10:20:57+00:00,,1109,832
369,2023-01-09 10:20:57+00:00,2023-01-09 10:20:57+00:00,,1109,833
369,2023-01-09 10:20:57+00:00,2023-01-09 10:20:57+00:00,,1109,833
369,2023-01-10 08:50:49+00:00,2023-01-10 08:50:49+00:00,,1111,1110
369,2023-01-10 08:50:49+00:00,2023-01-10 08:50:49+00:00,,1111,1112
369,2023-01-10 08:50:49+00:00,2023-01-10 08:50:49+00:00,,1111,1113
369,2023-01-10 08:59:42+00:00,2023-01-10 08:59:42+00:00,,1115,1114
369,2023-01-10 08:59:42+00:00,2023-01-10 08:59:42+00:00,,1115,1116
369,2023-01-10 08:59:42+00:00,2023-01-10 08:59:42+00:00,,1115,1117
369,2023-01-10 09:06:08+00:00,2023-01-10 09:06:08+00:00,,1119,1118
369,2023-01-10 09:06:09+00:00,2023-01-10 09:06:09+00:00,,1119,1120
369,2023-01-10 09:06:09+00:00,2023-01-10 09:06:09+00:00,,1119,1121
369,2023-01-10 09:12:11+00:00,2023-01-10 09:12:11+00:00,,1123,1122
369,2023-01-10 09:12:11+00:00,2023-01-10 09:12:11+00:00,,1123,1124
369,2023-01-12 08:42:58+00:00,2023-01-12 08:42:58+00:00,,1126,1125
369,2023-01-12 08:48:18+00:00,2023-01-12 08:48:18+00:00,,1128,1127
369,2023-01-12 08:48:18+00:00,2023-01-12 08:48:18+00:00,,1128,1129
369,2023-01-12 08:48:18+00:00,2023-01-12 08:48:18+00:00,,1128,1130
369,2023-01-12 08:53:56+00:00,2023-01-12 08:53:56+00:00,,998,995
369,2023-01-12 08:53:56+00:00,2023-01-12 08:53:56+00:00,,998,996
369,2023-01-12 08:53:56+00:00,2023-01-12 08:53:56+00:00,,998,997
369,2023-01-14 08:17:33+00:00,2023-01-14 08:17:33+00:00,,1132,1131
369,2023-01-14 08:17:34+00:00,2023-01-14 08:17:34+00:00,,1132,1133
369,2023-01-16 08:17:53+00:00,2023-01-16 08:17:53+00:00,,1135,1134
369,2023-01-16 08:17:53+00:00,2023-01-16 08:17:53+00:00,,1135,1136
369,2023-01-16 08:22:21+00:00,2023-01-16 08:22:21+00:00,,1138,1137
369,2023-01-16 08:22:21+00:00,2023-01-16 08:22:21+00:00,,1138,1139
369,2023-01-16 08:26:57+00:00,2023-01-16 08:26:57+00:00,,1141,1140
369,2023-01-16 08:26:57+00:00,2023-01-16 08:26:57+00:00,,1141,1142
369,2023-01-16 08:31:30+00:00,2023-01-16 08:31:30+00:00,,1144,1143
369,2023-01-16 08:31:30+00:00,2023-01-16 08:31:30+00:00,,1144,1145
369,2023-01-16 08:35:16+00:00,2023-01-16 08:35:16+00:00,,1147,1146
369,2023-01-16 08:35:16+00:00,2023-01-16 08:35:16+00:00,,1147,1148
369,2023-01-16 08:40:06+00:00,2023-01-16 08:40:06+00:00,,1150,1149
369,2023-01-16 08:40:06+00:00,2023-01-16 08:40:06+00:00,,1150,1151
369,2023-01-16 08:40:06+00:00,2023-01-16 08:40:06+00:00,,1150,1152
369,2023-01-16 08:42:17+00:00,2023-01-16 08:42:17+00:00,,1154,1153
369,2023-01-16 08:46:36+00:00,2023-01-16 08:46:36+00:00,,1156,1155
369,2023-01-16 08:46:36+00:00,2023-01-16 08:46:36+00:00,,1156,1157
369,2023-01-16 08:46:36+00:00,2023-01-16 08:46:36+00:00,,1156,1158
369,2023-01-16 08:52:01+00:00,2023-01-16 08:52:01+00:00,,1160,1159
369,2023-01-16 08:52:01+00:00,2023-01-16 08:52:01+00:00,,1160,1161
369,2023-01-16 08:52:01+00:00,2023-01-16 08:52:01+00:00,,1160,1162
369,2023-02-01 12:58:29+00:00,2023-02-01 12:58:29+00:00,,1164,1163
369,2023-02-01 12:58:29+00:00,2023-02-01 12:58:29+00:00,,1164,1165
369,2023-02-01 12:58:29+00:00,2023-02-01 12:58:29+00:00,,1164,1166
369,2023-02-01 13:14:28+00:00,2023-02-01 13:14:28+00:00,,1168,1167
369,2023-02-01 13:14:28+00:00,2023-02-01 13:14:28+00:00,,1168,1169
369,2023-02-01 13:14:28+00:00,2023-02-01 13:14:28+00:00,,1168,1170
369,2023-02-02 07:40:06+00:00,2023-02-02 07:40:06+00:00,,1172,1171
369,2023-02-02 07:40:06+00:00,2023-02-02 07:40:06+00:00,,1172,1173
369,2023-02-02 07:40:06+00:00,2023-02-02 07:40:06+00:00,,1172,1174
369,2023-02-02 07:50:01+00:00,2023-02-02 07:50:01+00:00,,1176,1175
369,2023-02-02 07:50:01+00:00,2023-02-02 07:50:01+00:00,,1176,1177
369,2023-02-03 08:21:06+00:00,2023-02-03 08:21:06+00:00,,1179,1178
369,2023-02-03 08:21:06+00:00,2023-02-03 08:21:06+00:00,,1179,1180
369,2023-02-03 08:21:06+00:00,2023-02-03 08:21:06+00:00,,1179,1181
369,2023-02-03 08:26:30+00:00,2023-02-03 08:26:30+00:00,,1183,1182
369,2023-02-03 08:26:30+00:00,2023-02-03 08:26:30+00:00,,1183,1184
369,2023-02-03 08:26:30+00:00,2023-02-03 08:26:30+00:00,,1183,1185
369,2023-02-03 08:29:58+00:00,2023-02-03 08:29:58+00:00,,1187,1186
369,2023-02-03 08:32:24+00:00,2023-02-03 08:32:24+00:00,,1189,1188
369,2023-02-03 08:37:57+00:00,2023-02-03 08:37:57+00:00,,1191,1190
369,2023-02-03 08:37:57+00:00,2023-02-03 08:37:57+00:00,,1191,1192
369,2023-02-03 08:37:57+00:00,2023-02-03 08:37:57+00:00,,1191,1193
369,2023-02-03 08:42:47+00:00,2023-02-03 08:42:47+00:00,,1195,1194
369,2023-02-03 08:42:47+00:00,2023-02-03 08:42:47+00:00,,1195,1196
369,2023-02-03 08:42:47+00:00,2023-02-03 08:42:47+00:00,,1195,1197
369,2023-02-03 08:47:20+00:00,2023-02-03 08:47:20+00:00,,1199,1198
369,2023-02-03 08:47:20+00:00,2023-02-03 08:47:20+00:00,,1199,1200
369,2023-02-03 08:47:20+00:00,2023-02-03 08:47:20+00:00,,1199,1201
369,2023-02-03 08:51:44+00:00,2023-02-03 08:51:44+00:00,,1203,1202
369,2023-02-03 08:51:44+00:00,2023-02-03 08:51:44+00:00,,1203,1205
369,2023-02-03 08:55:22+00:00,2023-02-03 08:55:22+00:00,,1207,1206
369,2023-02-03 08:55:22+00:00,2023-02-03 08:55:22+00:00,,1207,1209
369,2023-02-03 09:01:03+00:00,2023-02-03 09:01:03+00:00,,1211,1210
369,2023-02-03 09:01:03+00:00,2023-02-03 09:01:03+00:00,,1211,1212
369,2023-02-03 09:01:03+00:00,2023-02-03 09:01:03+00:00,,1211,1213
369,2023-02-03 09:06:00+00:00,2023-02-03 09:06:00+00:00,,1215,1214
369,2023-02-03 09:06:00+00:00,2023-02-03 09:06:00+00:00,,1215,1216
369,2023-02-03 09:06:00+00:00,2023-02-03 09:06:00+00:00,,1215,1217
369,2023-02-03 09:10:21+00:00,2023-02-03 09:10:21+00:00,,1219,1218
369,2023-02-03 09:10:21+00:00,2023-02-03 09:10:21+00:00,,1219,1221
369,2023-02-03 09:15:11+00:00,2023-02-03 09:15:11+00:00,,1223,1222
369,2023-02-03 09:15:11+00:00,2023-02-03 09:15:11+00:00,,1223,1224
369,2023-02-03 09:18:40+00:00,2023-02-03 09:18:40+00:00,,1226,1225
369,2023-02-03 09:18:40+00:00,2023-02-03 09:18:40+00:00,,1226,1227
369,2023-02-03 09:21:46+00:00,2023-02-03 09:21:46+00:00,,1229,1228
369,2023-02-03 09:21:46+00:00,2023-02-03 09:21:46+00:00,,1229,1230
369,2023-02-03 09:27:29+00:00,2023-02-03 09:27:29+00:00,,1234,1233
369,2023-02-03 09:27:29+00:00,2023-02-03 09:27:29+00:00,,1234,1235
369,2023-02-03 09:54:39+00:00,2023-02-03 09:54:39+00:00,,1237,1236
369,2023-02-03 09:54:39+00:00,2023-02-03 09:54:39+00:00,,1237,1239
369,2023-02-03 09:58:08+00:00,2023-02-03 09:58:08+00:00,,1241,1240
369,2023-02-03 09:58:08+00:00,2023-02-03 09:58:08+00:00,,1241,1243
369,2023-02-03 10:01:06+00:00,2023-02-03 10:01:06+00:00,,1245,1244
369,2023-02-03 10:01:06+00:00,2023-02-03 10:01:06+00:00,,1245,1246
369,2023-02-03 10:03:43+00:00,2023-02-03 10:03:43+00:00,,1248,1247
369,2023-02-03 10:03:43+00:00,2023-02-03 10:03:43+00:00,,1248,1249
369,2023-02-03 10:06:32+00:00,2023-02-03 10:06:32+00:00,,1251,1250
369,2023-02-03 10:06:32+00:00,2023-02-03 10:06:32+00:00,,1251,1252
369,2023-02-03 10:10:37+00:00,2023-02-03 10:10:37+00:00,,1254,1253
369,2023-02-03 10:10:37+00:00,2023-02-03 10:10:37+00:00,,1254,1255
369,2023-02-03 10:13:13+00:00,2023-02-03 10:13:13+00:00,,1257,1256
369,2023-02-03 10:13:13+00:00,2023-02-03 10:13:13+00:00,,1257,1258
369,2023-02-03 10:15:54+00:00,2023-02-03 10:15:54+00:00,,1260,1259
369,2023-02-03 10:15:54+00:00,2023-02-03 10:15:54+00:00,,1260,1261
369,2023-02-03 10:18:23+00:00,2023-02-03 10:18:23+00:00,,1263,1262
369,2023-02-03 10:18:23+00:00,2023-02-03 10:18:23+00:00,,1263,1264
369,2023-02-03 10:20:55+00:00,2023-02-03 10:20:55+00:00,,1266,1265
369,2023-02-03 10:20:55+00:00,2023-02-03 10:20:55+00:00,,1266,1267
369,2023-02-03 10:23:17+00:00,2023-02-03 10:23:17+00:00,,1269,1268
369,2023-02-03 10:23:17+00:00,2023-02-03 10:23:17+00:00,,1269,1270
369,2023-02-04 07:57:44+00:00,2023-02-04 07:57:44+00:00,,1272,1271
369,2023-02-04 08:00:07+00:00,2023-02-04 08:00:07+00:00,,1274,1273
369,2023-02-04 08:10:48+00:00,2023-02-04 08:10:48+00:00,,1276,1275
369,2023-02-04 08:10:48+00:00,2023-02-04 08:10:48+00:00,,1276,1277
369,2023-02-04 08:10:48+00:00,2023-02-04 08:10:48+00:00,,1276,1278
369,2023-02-04 08:14:30+00:00,2023-02-04 08:14:30+00:00,,1280,1279
369,2023-02-04 08:14:30+00:00,2023-02-04 08:14:30+00:00,,1280,1281
369,2023-02-04 08:24:32+00:00,2023-02-04 08:24:32+00:00,,1283,1282
369,2023-02-04 08:24:32+00:00,2023-02-04 08:24:32+00:00,,1283,1284
369,2023-02-04 08:24:32+00:00,2023-02-04 08:24:32+00:00,,1283,1285
369,2023-02-04 08:32:27+00:00,2023-02-04 08:32:27+00:00,,1287,1286
369,2023-02-04 08:32:27+00:00,2023-02-04 08:32:27+00:00,,1287,1288
369,2023-02-04 08:32:27+00:00,2023-02-04 08:32:27+00:00,,1287,1289
369,2023-02-04 08:36:31+00:00,2023-02-04 08:36:31+00:00,,1291,1290
369,2023-02-04 08:36:31+00:00,2023-02-04 08:36:31+00:00,,1291,1292
369,2023-02-04 08:36:31+00:00,2023-02-04 08:36:31+00:00,,1291,1293
369,2023-02-04 08:40:21+00:00,2023-02-04 08:40:21+00:00,,1295,1294
369,2023-02-04 08:40:21+00:00,2023-02-04 08:40:21+00:00,,1295,1296
369,2023-02-04 08:40:21+00:00,2023-02-04 08:40:21+00:00,,1295,1297
369,2023-02-04 08:43:30+00:00,2023-02-04 08:43:30+00:00,,1299,1298
369,2023-02-04 08:43:30+00:00,2023-02-04 08:43:30+00:00,,1299,1300
369,2023-02-04 08:43:31+00:00,2023-02-04 08:43:31+00:00,,1299,1301
369,2023-02-04 08:46:27+00:00,2023-02-04 08:46:27+00:00,,1303,1302
369,2023-02-04 08:46:27+00:00,2023-02-04 08:46:27+00:00,,1303,1304
369,2023-02-04 08:46:27+00:00,2023-02-04 08:46:27+00:00,,1303,1305
369,2023-02-04 08:49:46+00:00,2023-02-04 08:49:46+00:00,,1307,1306
369,2023-02-04 08:49:46+00:00,2023-02-04 08:49:46+00:00,,1307,1308
369,2023-02-04 08:49:46+00:00,2023-02-04 08:49:46+00:00,,1307,1309
369,2023-02-04 12:31:23+00:00,2023-02-04 12:31:23+00:00,,1311,1310
369,2023-02-04 12:31:23+00:00,2023-02-04 12:31:23+00:00,,1311,1312
369,2023-02-04 12:31:23+00:00,2023-02-04 12:31:23+00:00,,1311,1313
369,2023-02-04 12:35:21+00:00,2023-02-04 12:35:21+00:00,,1315,1314
369,2023-02-04 12:35:21+00:00,2023-02-04 12:35:21+00:00,,1315,1316
369,2023-02-04 12:35:21+00:00,2023-02-04 12:35:21+00:00,,1315,1317
369,2023-02-04 12:39:21+00:00,2023-02-04 12:39:21+00:00,,1319,1318
369,2023-02-04 12:39:21+00:00,2023-02-04 12:39:21+00:00,,1319,1320
369,2023-02-04 12:39:21+00:00,2023-02-04 12:39:21+00:00,,1319,1321
369,2023-02-06 08:40:03+00:00,2023-02-06 08:40:03+00:00,,1323,1322
369,2023-02-06 08:40:03+00:00,2023-02-06 08:40:03+00:00,,1323,1325
369,2023-02-06 08:50:25+00:00,2023-02-06 08:50:25+00:00,,1327,1326
369,2023-02-06 08:50:25+00:00,2023-02-06 08:50:25+00:00,,1327,1328
369,2023-02-06 08:50:25+00:00,2023-02-06 08:50:25+00:00,,1327,1329
369,2023-02-06 08:57:01+00:00,2023-02-06 08:57:01+00:00,,1331,1330
369,2023-02-06 08:57:01+00:00,2023-02-06 08:57:01+00:00,,1331,1332
369,2023-02-06 08:57:01+00:00,2023-02-06 08:57:01+00:00,,1331,1333
369,2023-02-06 09:06:06+00:00,2023-02-06 09:06:06+00:00,,1335,1334
369,2023-02-06 09:06:06+00:00,2023-02-06 09:06:06+00:00,,1335,1336
369,2023-02-06 09:06:06+00:00,2023-02-06 09:06:06+00:00,,1335,1337
369,2023-02-06 09:10:34+00:00,2023-02-06 09:10:34+00:00,,1339,1338
369,2023-02-06 09:10:34+00:00,2023-02-06 09:10:34+00:00,,1339,1340
369,2023-02-06 09:15:01+00:00,2023-02-06 09:15:01+00:00,,1342,1341
369,2023-02-06 09:15:01+00:00,2023-02-06 09:15:01+00:00,,1342,1343
369,2023-02-06 09:18:17+00:00,2023-02-06 09:18:17+00:00,,1345,1344
369,2023-02-06 09:18:17+00:00,2023-02-06 09:18:17+00:00,,1345,1346
369,2023-02-07 08:18:28+00:00,2023-02-07 08:18:28+00:00,,1348,1347
369,2023-02-07 08:18:28+00:00,2023-02-07 08:18:28+00:00,,1348,1349
369,2023-02-07 08:18:28+00:00,2023-02-07 08:18:28+00:00,,1348,1350
369,2023-02-07 08:26:42+00:00,2023-02-07 08:26:42+00:00,,1352,1351
369,2023-02-07 08:28:46+00:00,2023-02-07 08:28:46+00:00,,1354,1353
369,2023-02-07 08:34:55+00:00,2023-02-07 08:34:55+00:00,,1356,1355
369,2023-02-07 08:34:55+00:00,2023-02-07 08:34:55+00:00,,1356,1357
369,2023-02-07 08:34:55+00:00,2023-02-07 08:34:55+00:00,,1356,1358
369,2023-02-07 08:39:30+00:00,2023-02-07 08:39:30+00:00,,1360,1359
369,2023-02-07 08:39:30+00:00,2023-02-07 08:39:30+00:00,,1360,1361
369,2023-02-07 08:39:30+00:00,2023-02-07 08:39:30+00:00,,1360,1362
369,2023-02-07 08:45:24+00:00,2023-02-07 08:45:24+00:00,,1364,1363
369,2023-02-07 08:45:24+00:00,2023-02-07 08:45:24+00:00,,1364,1366
369,2023-02-07 08:49:23+00:00,2023-02-07 08:49:23+00:00,,1368,1367
369,2023-02-07 08:49:24+00:00,2023-02-07 08:49:24+00:00,,1368,1369
369,2023-02-07 08:49:24+00:00,2023-02-07 08:49:24+00:00,,1368,1370
369,2023-02-07 08:52:44+00:00,2023-02-07 08:52:44+00:00,,1372,1371
369,2023-02-07 08:52:45+00:00,2023-02-07 08:52:45+00:00,,1372,1373
369,2023-02-07 08:52:45+00:00,2023-02-07 08:52:45+00:00,,1372,1374
369,2023-02-08 08:38:54+00:00,2023-02-08 08:38:54+00:00,,1376,1375
369,2023-02-08 08:38:54+00:00,2023-02-08 08:38:54+00:00,,1376,1378
369,2023-02-09 08:44:04+00:00,2023-02-09 08:44:04+00:00,,1380,1379
369,2023-02-09 08:44:04+00:00,2023-02-09 08:44:04+00:00,,1380,1381
369,2023-02-09 08:48:39+00:00,2023-02-09 08:48:39+00:00,,1383,1382
369,2023-02-09 08:48:39+00:00,2023-02-09 08:48:39+00:00,,1383,1384
369,2023-02-09 08:56:35+00:00,2023-02-09 08:56:35+00:00,,1386,1385
369,2023-02-09 08:56:35+00:00,2023-02-09 08:56:35+00:00,,1386,1387
369,2023-02-09 09:00:06+00:00,2023-02-09 09:00:06+00:00,,1389,1388
369,2023-02-09 09:00:06+00:00,2023-02-09 09:00:06+00:00,,1389,1390
369,2023-02-09 09:16:02+00:00,2023-02-09 09:16:02+00:00,,1392,1391
369,2023-02-09 09:16:02+00:00,2023-02-09 09:16:02+00:00,,1392,1393
369,2023-02-09 09:16:02+00:00,2023-02-09 09:16:02+00:00,,1392,1394
369,2023-02-09 09:19:42+00:00,2023-02-09 09:19:42+00:00,,1396,1395
369,2023-02-09 09:19:42+00:00,2023-02-09 09:19:42+00:00,,1396,1397
369,2023-02-09 09:19:42+00:00,2023-02-09 09:19:42+00:00,,1396,1398
369,2023-02-09 09:54:37+00:00,2023-02-09 09:54:37+00:00,,1400,1399
369,2023-02-09 09:54:37+00:00,2023-02-09 09:54:37+00:00,,1400,1401
369,2023-02-09 09:54:37+00:00,2023-02-09 09:54:37+00:00,,1400,1402
369,2023-02-09 10:00:08+00:00,2023-02-09 10:00:08+00:00,,1404,1403
369,2023-02-09 10:00:08+00:00,2023-02-09 10:00:08+00:00,,1404,1405
369,2023-02-09 10:00:08+00:00,2023-02-09 10:00:08+00:00,,1404,1406
369,2023-02-09 10:04:38+00:00,2023-02-09 10:04:38+00:00,,1408,1407
369,2023-02-09 10:04:38+00:00,2023-02-09 10:04:38+00:00,,1408,1409
369,2023-02-09 10:04:38+00:00,2023-02-09 10:04:38+00:00,,1408,1410
369,2023-02-09 10:10:28+00:00,2023-02-09 10:10:28+00:00,,1412,1411
369,2023-02-09 10:10:28+00:00,2023-02-09 10:10:28+00:00,,1412,1413
369,2023-02-09 10:10:28+00:00,2023-02-09 10:10:28+00:00,,1412,1414
369,2023-02-09 10:15:18+00:00,2023-02-09 10:15:18+00:00,,1416,1415
369,2023-02-09 10:15:18+00:00,2023-02-09 10:15:18+00:00,,1416,1417
369,2023-02-09 10:15:18+00:00,2023-02-09 10:15:18+00:00,,1416,1418
369,2023-02-09 10:19:01+00:00,2023-02-09 10:19:01+00:00,,1420,1419
369,2023-02-09 10:22:35+00:00,2023-02-09 10:22:35+00:00,,1422,1421
369,2023-02-09 10:25:00+00:00,2023-02-09 10:25:00+00:00,,1424,1423
369,2023-02-09 10:27:04+00:00,2023-02-09 10:27:04+00:00,,1426,1425
369,2023-02-09 10:28:52+00:00,2023-02-09 10:28:52+00:00,,1428,1427
369,2023-02-09 10:30:40+00:00,2023-02-09 10:30:40+00:00,,1430,1429
369,2023-02-09 10:33:28+00:00,2023-02-09 10:33:28+00:00,,1432,1431
369,2023-02-10 08:33:51+00:00,2023-02-10 08:33:51+00:00,,1434,1433
369,2023-02-10 08:33:51+00:00,2023-02-10 08:33:51+00:00,,1434,1435
369,2023-02-10 08:33:51+00:00,2023-02-10 08:33:51+00:00,,1434,1436
369,2023-02-10 08:42:52+00:00,2023-02-10 08:42:52+00:00,,1438,1437
369,2023-02-10 08:42:53+00:00,2023-02-10 08:42:53+00:00,,1438,1439
369,2023-02-10 10:24:38+00:00,2023-02-10 10:24:38+00:00,,1441,1440
369,2023-02-10 10:24:38+00:00,2023-02-10 10:24:38+00:00,,1441,1442
369,2023-02-11 08:37:40+00:00,2023-02-11 08:37:40+00:00,,1444,1443
369,2023-02-11 08:37:40+00:00,2023-02-11 08:37:40+00:00,,1444,1445
369,2023-02-11 08:49:00+00:00,2023-02-11 08:49:00+00:00,,1447,1446
369,2023-02-11 08:49:00+00:00,2023-02-11 08:49:00+00:00,,1447,1448
369,2023-02-11 08:49:00+00:00,2023-02-11 08:49:00+00:00,,1447,1449
369,2023-02-11 09:04:42+00:00,2023-02-11 09:04:42+00:00,,1453,1452
369,2023-02-11 09:04:42+00:00,2023-02-11 09:04:42+00:00,,1453,1454
369,2023-02-11 09:06:31+00:00,2023-02-11 09:06:31+00:00,,1451,1450
369,2023-02-11 09:21:09+00:00,2023-02-11 09:21:09+00:00,,1458,1457
369,2023-02-11 09:22:39+00:00,2023-02-11 09:22:39+00:00,,1456,1455
369,2023-02-11 09:23:10+00:00,2023-02-11 09:23:10+00:00,,1456,1459
369,2023-02-11 10:33:40+00:00,2023-02-11 10:33:40+00:00,,1461,1460
369,2023-02-11 10:33:40+00:00,2023-02-11 10:33:40+00:00,,1461,1463
369,2023-02-11 10:33:40+00:00,2023-02-11 10:33:40+00:00,,1461,1462
369,2023-02-11 10:38:49+00:00,2023-02-11 10:38:49+00:00,,1465,1464
369,2023-02-11 10:38:49+00:00,2023-02-11 10:38:49+00:00,,1465,1466
369,2023-02-11 10:38:49+00:00,2023-02-11 10:38:49+00:00,,1465,1467
369,2023-02-11 10:43:26+00:00,2023-02-11 10:43:26+00:00,,1469,1468
369,2023-02-11 10:43:26+00:00,2023-02-11 10:43:26+00:00,,1469,1470
369,2023-02-11 10:43:26+00:00,2023-02-11 10:43:26+00:00,,1469,1471
369,2023-02-11 10:49:10+00:00,2023-02-11 10:49:10+00:00,,1473,1472
369,2023-02-11 10:49:11+00:00,2023-02-11 10:49:11+00:00,,1473,1474
369,2023-02-11 10:49:11+00:00,2023-02-11 10:49:11+00:00,,1473,1475
369,2023-02-11 10:53:35+00:00,2023-02-11 10:53:35+00:00,,1477,1476
369,2023-02-11 10:53:35+00:00,2023-02-11 10:53:35+00:00,,1477,1478
369,2023-02-11 10:53:35+00:00,2023-02-11 10:53:35+00:00,,1477,1479
369,2023-02-11 10:58:55+00:00,2023-02-11 10:58:55+00:00,,1481,1480
369,2023-02-11 10:58:55+00:00,2023-02-11 10:58:55+00:00,,1481,1482
369,2023-02-11 11:02:30+00:00,2023-02-11 11:02:30+00:00,,1484,1483
369,2023-02-11 11:02:30+00:00,2023-02-11 11:02:30+00:00,,1484,1485
369,2023-02-11 13:08:48+00:00,2023-02-11 13:08:48+00:00,,1487,1486
369,2023-02-11 13:08:49+00:00,2023-02-11 13:08:49+00:00,,1487,1488
369,2023-02-11 13:08:49+00:00,2023-02-11 13:08:49+00:00,,1487,1489
369,2023-02-11 13:14:34+00:00,2023-02-11 13:14:34+00:00,,1491,1490
369,2023-02-11 13:14:34+00:00,2023-02-11 13:14:34+00:00,,1491,1492
369,2023-02-11 13:14:34+00:00,2023-02-11 13:14:34+00:00,,1491,1493
369,2023-02-13 07:45:47+00:00,2023-02-13 07:45:47+00:00,,1495,1494
369,2023-02-13 07:45:47+00:00,2023-02-13 07:45:47+00:00,,1495,1496
369,2023-02-13 07:50:59+00:00,2023-02-13 07:50:59+00:00,,1498,1497
369,2023-02-13 07:50:59+00:00,2023-02-13 07:50:59+00:00,,1498,1499
369,2023-02-13 07:50:59+00:00,2023-02-13 07:50:59+00:00,,1498,1500
369,2023-02-13 07:58:20+00:00,2023-02-13 07:58:20+00:00,,1502,1501
369,2023-02-13 07:58:20+00:00,2023-02-13 07:58:20+00:00,,1502,1503
369,2023-02-13 07:58:20+00:00,2023-02-13 07:58:20+00:00,,1502,1504
369,2023-02-13 08:02:18+00:00,2023-02-13 08:02:18+00:00,,1506,1505
369,2023-02-13 08:02:18+00:00,2023-02-13 08:02:18+00:00,,1506,1507
369,2023-02-13 08:02:18+00:00,2023-02-13 08:02:18+00:00,,1506,1508
369,2023-02-13 08:08:25+00:00,2023-02-13 08:08:25+00:00,,1510,1509
369,2023-02-13 08:08:25+00:00,2023-02-13 08:08:25+00:00,,1510,1511
369,2023-02-13 08:08:25+00:00,2023-02-13 08:08:25+00:00,,1510,1512
369,2023-02-13 08:12:28+00:00,2023-02-13 08:12:28+00:00,,1514,1513
369,2023-02-13 08:12:29+00:00,2023-02-13 08:12:29+00:00,,1514,1515
369,2023-02-13 08:12:29+00:00,2023-02-13 08:12:29+00:00,,1514,1516
369,2023-02-13 08:16:43+00:00,2023-02-13 08:16:43+00:00,,1518,1517
369,2023-02-13 08:16:43+00:00,2023-02-13 08:16:43+00:00,,1518,1519
369,2023-02-13 08:16:43+00:00,2023-02-13 08:16:43+00:00,,1518,1520
369,2023-02-13 08:21:29+00:00,2023-02-13 08:21:29+00:00,,1522,1521
369,2023-02-13 08:21:29+00:00,2023-02-13 08:21:29+00:00,,1522,1523
369,2023-02-13 08:26:22+00:00,2023-02-13 08:26:22+00:00,,1525,1524
369,2023-02-13 08:26:22+00:00,2023-02-13 08:26:22+00:00,,1525,1526
369,2023-02-13 08:29:53+00:00,2023-02-13 08:29:53+00:00,,1528,1527
369,2023-02-13 08:29:53+00:00,2023-02-13 08:29:53+00:00,,1528,1529
369,2023-02-14 08:18:04+00:00,2023-02-14 08:18:04+00:00,,1531,1530
369,2023-02-15 08:37:14+00:00,2023-02-15 08:37:14+00:00,,1533,1532
369,2023-02-15 08:37:14+00:00,2023-02-15 08:37:14+00:00,,1533,1534
369,2023-02-15 08:37:14+00:00,2023-02-15 08:37:14+00:00,,1533,1535
369,2023-02-15 08:53:07+00:00,2023-02-15 08:53:07+00:00,,1537,1536
369,2023-02-15 08:53:07+00:00,2023-02-15 08:53:07+00:00,,1537,1538
369,2023-02-15 08:53:07+00:00,2023-02-15 08:53:07+00:00,,1537,1539
369,2023-02-15 09:06:51+00:00,2023-02-15 09:06:51+00:00,,1544,1543
369,2023-02-15 09:06:51+00:00,2023-02-15 09:06:51+00:00,,1544,1545
369,2023-02-15 09:12:33+00:00,2023-02-15 09:12:33+00:00,,1547,1546
369,2023-02-15 09:12:33+00:00,2023-02-15 09:12:33+00:00,,1547,1548
369,2023-02-15 09:12:33+00:00,2023-02-15 09:12:33+00:00,,1547,1549
369,2023-02-15 09:22:02+00:00,2023-02-15 09:22:02+00:00,,1551,1550
369,2023-02-15 09:22:02+00:00,2023-02-15 09:22:02+00:00,,1551,1552
369,2023-02-15 09:25:20+00:00,2023-02-15 09:25:20+00:00,,1554,1553
369,2023-02-15 09:25:20+00:00,2023-02-15 09:25:20+00:00,,1554,1555
369,2023-02-15 10:18:23+00:00,2023-02-15 10:18:23+00:00,,1557,1556
369,2023-02-15 10:18:24+00:00,2023-02-15 10:18:24+00:00,,1557,1558
369,2023-02-15 10:23:55+00:00,2023-02-15 10:23:55+00:00,,1560,1559
369,2023-02-15 10:23:55+00:00,2023-02-15 10:23:55+00:00,,1560,1561
369,2023-02-15 10:27:33+00:00,2023-02-15 10:27:33+00:00,,1563,1562
369,2023-02-15 10:27:34+00:00,2023-02-15 10:27:34+00:00,,1563,1564
369,2023-02-15 10:30:54+00:00,2023-02-15 10:30:54+00:00,,1566,1565
369,2023-02-15 10:30:54+00:00,2023-02-15 10:30:54+00:00,,1566,1567
369,2023-02-15 10:33:59+00:00,2023-02-15 10:33:59+00:00,,1569,1568
369,2023-02-15 10:33:59+00:00,2023-02-15 10:33:59+00:00,,1569,1570
369,2023-02-16 13:17:19+00:00,2023-02-16 13:17:19+00:00,,1572,1571
369,2023-02-16 13:17:19+00:00,2023-02-16 13:17:19+00:00,,1572,1573
369,2023-02-16 13:17:19+00:00,2023-02-16 13:17:19+00:00,,1572,1574
369,2023-02-16 13:20:51+00:00,2023-02-16 13:20:51+00:00,,1576,1575
369,2023-02-16 13:20:51+00:00,2023-02-16 13:20:51+00:00,,1576,1577
369,2023-02-16 13:20:51+00:00,2023-02-16 13:20:51+00:00,,1576,1578
369,2023-02-16 13:24:08+00:00,2023-02-16 13:24:08+00:00,,1580,1579
369,2023-02-16 13:24:08+00:00,2023-02-16 13:24:08+00:00,,1580,1581
369,2023-02-16 13:24:08+00:00,2023-02-16 13:24:08+00:00,,1580,1582
369,2023-02-16 13:27:48+00:00,2023-02-16 13:27:48+00:00,,1584,1583
369,2023-02-16 13:27:48+00:00,2023-02-16 13:27:48+00:00,,1584,1585
369,2023-02-16 13:27:49+00:00,2023-02-16 13:27:49+00:00,,1584,1586
369,2023-02-16 13:31:20+00:00,2023-02-16 13:31:20+00:00,,1588,1587
369,2023-02-16 13:31:20+00:00,2023-02-16 13:31:20+00:00,,1588,1589
369,2023-02-16 13:31:20+00:00,2023-02-16 13:31:20+00:00,,1588,1590
369,2023-02-16 13:34:18+00:00,2023-02-16 13:34:18+00:00,,1592,1591
369,2023-02-16 13:34:18+00:00,2023-02-16 13:34:18+00:00,,1592,1593
369,2023-02-16 13:34:18+00:00,2023-02-16 13:34:18+00:00,,1592,1594
369,2023-02-16 13:38:07+00:00,2023-02-16 13:38:07+00:00,,1596,1595
369,2023-02-16 13:38:07+00:00,2023-02-16 13:38:07+00:00,,1596,1597
369,2023-02-16 13:38:07+00:00,2023-02-16 13:38:07+00:00,,1596,1598
369,2023-02-16 13:41:09+00:00,2023-02-16 13:41:09+00:00,,1600,1599
369,2023-02-16 13:41:09+00:00,2023-02-16 13:41:09+00:00,,1600,1601
369,2023-02-16 13:41:09+00:00,2023-02-16 13:41:09+00:00,,1600,1602
369,2023-02-16 13:45:10+00:00,2023-02-16 13:45:10+00:00,,1604,1603
369,2023-02-16 13:45:10+00:00,2023-02-16 13:45:10+00:00,,1604,1605
369,2023-02-16 13:45:10+00:00,2023-02-16 13:45:10+00:00,,1604,1606
369,2023-02-16 13:48:37+00:00,2023-02-16 13:48:37+00:00,,1608,1607
369,2023-02-16 13:48:37+00:00,2023-02-16 13:48:37+00:00,,1608,1609
369,2023-02-16 13:48:38+00:00,2023-02-16 13:48:38+00:00,,1608,1610
369,2023-02-17 08:11:24+00:00,2023-02-17 08:11:24+00:00,,1612,1611
369,2023-02-17 08:11:24+00:00,2023-02-17 08:11:24+00:00,,1612,1613
369,2023-02-17 08:11:24+00:00,2023-02-17 08:11:24+00:00,,1612,1614
369,2023-02-17 08:39:03+00:00,2023-02-17 08:39:03+00:00,,1616,1615
369,2023-02-17 08:39:03+00:00,2023-02-17 08:39:03+00:00,,1616,1617
369,2023-02-17 08:39:03+00:00,2023-02-17 08:39:03+00:00,,1616,1618
369,2023-02-17 08:49:33+00:00,2023-02-17 08:49:33+00:00,,1620,1619
369,2023-02-17 08:49:33+00:00,2023-02-17 08:49:33+00:00,,1620,1622
369,2023-02-17 08:55:40+00:00,2023-02-17 08:55:40+00:00,,1624,1623
369,2023-02-17 08:55:40+00:00,2023-02-17 08:55:40+00:00,,1624,1625
369,2023-02-17 08:55:40+00:00,2023-02-17 08:55:40+00:00,,1624,1626
369,2023-02-17 09:03:12+00:00,2023-02-17 09:03:12+00:00,,1628,1627
369,2023-02-17 09:03:12+00:00,2023-02-17 09:03:12+00:00,,1628,1630
369,2023-02-17 09:07:49+00:00,2023-02-17 09:07:49+00:00,,1632,1631
369,2023-02-17 09:07:49+00:00,2023-02-17 09:07:49+00:00,,1632,1634
369,2023-02-17 09:20:45+00:00,2023-02-17 09:20:45+00:00,,1639,1638
369,2023-02-17 09:20:45+00:00,2023-02-17 09:20:45+00:00,,1639,1640
369,2023-02-17 09:21:42+00:00,2023-02-17 09:21:42+00:00,,1636,1635
369,2023-02-17 09:21:42+00:00,2023-02-17 09:21:42+00:00,,1636,1637
369,2023-02-17 15:51:19+00:00,2023-02-17 15:51:19+00:00,,1541,1540
369,2023-02-18 08:23:49+00:00,2023-02-18 08:23:49+00:00,,1642,1641
369,2023-02-18 08:23:49+00:00,2023-02-18 08:23:49+00:00,,1642,1643
369,2023-02-18 08:39:25+00:00,2023-02-18 08:39:25+00:00,,1645,1644
369,2023-02-18 08:39:25+00:00,2023-02-18 08:39:25+00:00,,1645,1646
369,2023-02-18 08:50:55+00:00,2023-02-18 08:50:55+00:00,,1648,1647
369,2023-02-18 08:50:55+00:00,2023-02-18 08:50:55+00:00,,1648,1649
369,2023-02-18 08:50:55+00:00,2023-02-18 08:50:55+00:00,,1648,1650
369,2023-02-18 08:56:00+00:00,2023-02-18 08:56:00+00:00,,1652,1651
369,2023-02-20 07:59:15+00:00,2023-02-20 07:59:15+00:00,,1654,1653
369,2023-02-20 08:01:36+00:00,2023-02-20 08:01:36+00:00,,1656,1655
369,2023-02-20 08:04:02+00:00,2023-02-20 08:04:02+00:00,,1658,1657
369,2023-02-20 08:06:32+00:00,2023-02-20 08:06:32+00:00,,1660,1659
369,2023-02-20 08:14:06+00:00,2023-02-20 08:14:06+00:00,,1662,1661
369,2023-02-20 08:17:46+00:00,2023-02-20 08:17:46+00:00,,1664,1663
369,2023-02-20 08:22:03+00:00,2023-02-20 08:22:03+00:00,,1666,1665
369,2023-02-20 08:26:35+00:00,2023-02-20 08:26:35+00:00,,1668,1667
369,2023-02-20 08:26:36+00:00,2023-02-20 08:26:36+00:00,,1668,1669
369,2023-02-20 08:26:36+00:00,2023-02-20 08:26:36+00:00,,1668,1670
369,2023-02-20 08:33:54+00:00,2023-02-20 08:33:54+00:00,,1672,1671
369,2023-02-20 08:33:54+00:00,2023-02-20 08:33:54+00:00,,1672,1673
369,2023-02-20 08:33:54+00:00,2023-02-20 08:33:54+00:00,,1672,1674
369,2023-02-20 08:38:29+00:00,2023-02-20 08:38:29+00:00,,1676,1675
369,2023-02-20 08:38:29+00:00,2023-02-20 08:38:29+00:00,,1676,1677
369,2023-02-21 09:05:29+00:00,2023-02-21 09:05:29+00:00,,1679,1678
369,2023-02-21 09:05:30+00:00,2023-02-21 09:05:30+00:00,,1679,1681
369,2023-02-21 09:10:56+00:00,2023-02-21 09:10:56+00:00,,1683,1682
369,2023-02-21 09:10:56+00:00,2023-02-21 09:10:56+00:00,,1683,1685
369,2023-02-21 09:14:47+00:00,2023-02-21 09:14:47+00:00,,1687,1686
369,2023-02-21 09:14:47+00:00,2023-02-21 09:14:47+00:00,,1687,1689
369,2023-02-22 09:53:19+00:00,2023-02-22 09:53:19+00:00,,1691,1690
369,2023-02-22 09:53:19+00:00,2023-02-22 09:53:19+00:00,,1691,1692
369,2023-02-22 09:56:59+00:00,2023-02-22 09:56:59+00:00,,1694,1693
369,2023-02-22 09:56:59+00:00,2023-02-22 09:56:59+00:00,,1694,1695
369,2023-02-22 10:10:52+00:00,2023-02-22 10:10:52+00:00,,1697,1696
369,2023-02-22 10:10:52+00:00,2023-02-22 10:10:52+00:00,,1697,1698
369,2023-02-22 10:10:52+00:00,2023-02-22 10:10:52+00:00,,1697,1699
369,2023-02-22 10:14:50+00:00,2023-02-22 10:14:50+00:00,,1701,1700
369,2023-02-22 10:14:50+00:00,2023-02-22 10:14:50+00:00,,1701,1702
369,2023-02-22 10:14:50+00:00,2023-02-22 10:14:50+00:00,,1701,1703
369,2023-02-23 08:21:20+00:00,2023-02-23 08:21:20+00:00,,1705,1704
369,2023-02-23 08:21:20+00:00,2023-02-23 08:21:20+00:00,,1705,1707
369,2023-02-23 08:21:20+00:00,2023-02-23 08:21:20+00:00,,1705,1706
369,2023-02-23 08:38:32+00:00,2023-02-23 08:38:32+00:00,,1709,1708
369,2023-02-23 08:38:32+00:00,2023-02-23 08:38:32+00:00,,1709,1710
369,2023-02-23 08:38:32+00:00,2023-02-23 08:38:32+00:00,,1709,1711
369,2023-02-23 08:46:13+00:00,2023-02-23 08:46:13+00:00,,1713,1712
369,2023-02-23 08:46:13+00:00,2023-02-23 08:46:13+00:00,,1713,1714
369,2023-02-24 08:23:20+00:00,2023-02-24 08:23:20+00:00,,1716,1715
369,2023-02-24 08:23:20+00:00,2023-02-24 08:23:20+00:00,,1716,1717
369,2023-02-24 08:23:20+00:00,2023-02-24 08:23:20+00:00,,1716,1718
369,2023-02-24 08:30:18+00:00,2023-02-24 08:30:18+00:00,,1720,1719
369,2023-02-24 08:30:18+00:00,2023-02-24 08:30:18+00:00,,1720,1721
369,2023-02-24 08:30:18+00:00,2023-02-24 08:30:18+00:00,,1720,1722
369,2023-02-24 08:34:55+00:00,2023-02-24 08:34:55+00:00,,1724,1723
369,2023-02-24 08:34:55+00:00,2023-02-24 08:34:55+00:00,,1724,1725
369,2023-02-24 08:34:55+00:00,2023-02-24 08:34:55+00:00,,1724,1726
369,2023-02-24 08:38:43+00:00,2023-02-24 08:38:43+00:00,,1728,1727
369,2023-02-24 08:38:43+00:00,2023-02-24 08:38:43+00:00,,1728,1729
369,2023-02-24 08:38:43+00:00,2023-02-24 08:38:43+00:00,,1728,1730
369,2023-02-24 08:42:05+00:00,2023-02-24 08:42:05+00:00,,1732,1731
369,2023-02-24 08:42:06+00:00,2023-02-24 08:42:06+00:00,,1732,1733
369,2023-02-24 08:42:06+00:00,2023-02-24 08:42:06+00:00,,1732,1734
369,2023-02-24 08:48:09+00:00,2023-02-24 08:48:09+00:00,,1736,1735
369,2023-02-24 08:48:09+00:00,2023-02-24 08:48:09+00:00,,1736,1738
369,2023-02-24 08:53:08+00:00,2023-02-24 08:53:08+00:00,,1740,1739
369,2023-02-24 08:53:08+00:00,2023-02-24 08:53:08+00:00,,1740,1741
369,2023-02-25 08:13:44+00:00,2023-02-25 08:13:44+00:00,,1743,1742
369,2023-02-25 08:13:44+00:00,2023-02-25 08:13:44+00:00,,1743,1744
369,2023-02-25 08:17:20+00:00,2023-02-25 08:17:20+00:00,,1746,1745
369,2023-02-25 08:17:20+00:00,2023-02-25 08:17:20+00:00,,1746,1747
369,2023-02-25 08:22:59+00:00,2023-02-25 08:22:59+00:00,,1749,1748
369,2023-02-25 08:22:59+00:00,2023-02-25 08:22:59+00:00,,1749,1750
369,2023-02-25 08:22:59+00:00,2023-02-25 08:22:59+00:00,,1749,1751
369,2023-02-25 08:26:50+00:00,2023-02-25 08:26:50+00:00,,1753,1752
369,2023-02-25 08:32:04+00:00,2023-02-25 08:32:04+00:00,,1755,1754
369,2023-02-25 08:32:04+00:00,2023-02-25 08:32:04+00:00,,1755,1756
369,2023-02-25 08:32:04+00:00,2023-02-25 08:32:04+00:00,,1755,1757
369,2023-02-25 08:35:51+00:00,2023-02-25 08:35:51+00:00,,1759,1758
369,2023-02-25 08:35:51+00:00,2023-02-25 08:35:51+00:00,,1759,1760
369,2023-02-25 08:35:51+00:00,2023-02-25 08:35:51+00:00,,1759,1761
369,2023-02-25 08:54:07+00:00,2023-02-25 08:54:07+00:00,,1763,1762
369,2023-02-25 08:54:07+00:00,2023-02-25 08:54:07+00:00,,1763,1764
369,2023-02-25 08:54:07+00:00,2023-02-25 08:54:07+00:00,,1763,1765
369,2023-02-25 08:59:35+00:00,2023-02-25 08:59:35+00:00,,1767,1766
369,2023-02-25 08:59:35+00:00,2023-02-25 08:59:35+00:00,,1767,1768
369,2023-02-25 08:59:35+00:00,2023-02-25 08:59:35+00:00,,1767,1769
369,2023-02-25 09:05:17+00:00,2023-02-25 09:05:17+00:00,,1771,1770
369,2023-02-25 09:05:17+00:00,2023-02-25 09:05:17+00:00,,1771,1772
369,2023-02-25 09:05:17+00:00,2023-02-25 09:05:17+00:00,,1771,1773
369,2023-02-25 09:12:26+00:00,2023-02-25 09:12:26+00:00,,1775,1774
369,2023-02-25 09:12:26+00:00,2023-02-25 09:12:26+00:00,,1775,1776
369,2023-02-25 09:12:26+00:00,2023-02-25 09:12:26+00:00,,1775,1777
369,2023-02-25 09:21:10+00:00,2023-02-25 09:21:10+00:00,,1779,1778
369,2023-02-25 09:21:10+00:00,2023-02-25 09:21:10+00:00,,1779,1780
369,2023-02-25 09:21:11+00:00,2023-02-25 09:21:11+00:00,,1779,1781
369,2023-02-25 09:29:30+00:00,2023-02-25 09:29:30+00:00,,1783,1782
369,2023-02-25 09:29:30+00:00,2023-02-25 09:29:30+00:00,,1783,1784
369,2023-02-25 09:29:30+00:00,2023-02-25 09:29:30+00:00,,1783,1785
369,2023-02-25 09:53:56+00:00,2023-02-25 09:53:56+00:00,,1787,1786
369,2023-02-25 09:53:56+00:00,2023-02-25 09:53:56+00:00,,1787,1788
369,2023-02-25 09:53:57+00:00,2023-02-25 09:53:57+00:00,,1787,1789
369,2023-02-27 08:02:13+00:00,2023-02-27 08:02:13+00:00,,1791,1790
369,2023-02-27 08:02:13+00:00,2023-02-27 08:02:13+00:00,,1791,1792
369,2023-02-27 08:05:09+00:00,2023-02-27 08:05:09+00:00,,1794,1793
369,2023-02-27 08:05:10+00:00,2023-02-27 08:05:10+00:00,,1794,1795
369,2023-02-27 08:14:32+00:00,2023-02-27 08:14:32+00:00,,1797,1796
369,2023-02-27 08:14:32+00:00,2023-02-27 08:14:32+00:00,,1797,1798
369,2023-02-27 08:14:32+00:00,2023-02-27 08:14:32+00:00,,1797,1799
369,2023-02-27 08:18:10+00:00,2023-02-27 08:18:10+00:00,,1801,1800
369,2023-02-27 08:18:10+00:00,2023-02-27 08:18:10+00:00,,1801,1802
369,2023-02-27 08:20:51+00:00,2023-02-27 08:20:51+00:00,,1804,1803
369,2023-02-27 08:20:51+00:00,2023-02-27 08:20:51+00:00,,1804,1805
369,2023-02-27 08:26:49+00:00,2023-02-27 08:26:49+00:00,,1807,1806
369,2023-02-27 08:26:49+00:00,2023-02-27 08:26:49+00:00,,1807,1808
369,2023-02-27 08:26:49+00:00,2023-02-27 08:26:49+00:00,,1807,1809
369,2023-02-28 08:39:57+00:00,2023-02-28 08:39:57+00:00,,1811,1810
369,2023-02-28 08:39:57+00:00,2023-02-28 08:39:57+00:00,,1811,1812
369,2023-02-28 08:43:04+00:00,2023-02-28 08:43:04+00:00,,1814,1813
369,2023-02-28 08:43:04+00:00,2023-02-28 08:43:04+00:00,,1814,1815
369,2023-02-28 08:46:16+00:00,2023-02-28 08:46:16+00:00,,1817,1816
369,2023-02-28 08:46:16+00:00,2023-02-28 08:46:16+00:00,,1817,1818
369,2023-02-28 08:53:56+00:00,2023-02-28 08:53:56+00:00,,1820,1819
369,2023-02-28 08:53:56+00:00,2023-02-28 08:53:56+00:00,,1820,1821
369,2023-02-28 09:01:22+00:00,2023-02-28 09:01:22+00:00,,1823,1822
369,2023-02-28 09:01:22+00:00,2023-02-28 09:01:22+00:00,,1823,1824
369,2023-02-28 09:01:22+00:00,2023-02-28 09:01:22+00:00,,1823,1825
369,2023-02-28 09:06:48+00:00,2023-02-28 09:06:48+00:00,,1827,1826
369,2023-02-28 09:06:48+00:00,2023-02-28 09:06:48+00:00,,1827,1828
369,2023-02-28 09:06:48+00:00,2023-02-28 09:06:48+00:00,,1827,1829
369,2023-03-01 08:47:44+00:00,2023-03-01 08:47:44+00:00,,1831,1830
369,2023-03-01 08:47:44+00:00,2023-03-01 08:47:44+00:00,,1831,1832
369,2023-03-01 08:47:44+00:00,2023-03-01 08:47:44+00:00,,1831,1833
369,2023-03-01 09:18:03+00:00,2023-03-01 09:18:03+00:00,,1843,1842
369,2023-03-01 09:18:03+00:00,2023-03-01 09:18:03+00:00,,1843,1844
369,2023-03-01 09:18:29+00:00,2023-03-01 09:18:29+00:00,,1835,1834
369,2023-03-01 09:18:29+00:00,2023-03-01 09:18:29+00:00,,1835,1836
369,2023-03-01 09:18:29+00:00,2023-03-01 09:18:29+00:00,,1835,1837
369,2023-03-01 09:19:35+00:00,2023-03-01 09:19:35+00:00,,1839,1838
369,2023-03-01 09:19:35+00:00,2023-03-01 09:19:35+00:00,,1839,1841
