creator_id,created_at,updated_at,deleted_at,unique_id
150,2022-11-01 07:41:11+00:00,2022-11-01 07:41:11+00:00,,63606b27ce18b1667263271
150,2022-11-01 07:41:22+00:00,2022-11-01 07:41:22+00:00,,63606b32a30d51667263282
150,2022-11-01 07:41:52+00:00,2022-11-01 07:41:52+00:00,,63606b5050d391667263312
150,2022-11-01 07:42:07+00:00,2022-11-01 07:42:07+00:00,,63606b5f8ff7f1667263327
1,2022-11-01 07:42:07+00:00,2022-11-01 07:42:07+00:00,,63606b5f8ff7f1667263327
1,2022-11-01 07:42:07+00:00,2022-11-01 07:42:07+00:00,,63606b5f8ff7f1667263327
1,2022-11-01 07:42:07+00:00,2022-11-01 07:42:07+00:00,,63606b5f8ff7f1667263327
1,2022-11-01 07:42:07+00:00,2022-11-01 07:42:07+00:00,,63606b5f8ff7f1667263327
1,2022-11-01 07:42:07+00:00,2022-11-01 07:42:07+00:00,,63606b5f8ff7f1667263327
1,2022-11-01 07:42:07+00:00,2022-11-01 07:42:07+00:00,,63606b5f8ff7f1667263327
1,2022-11-01 07:42:07+00:00,2022-11-01 07:42:07+00:00,,63606b5f8ff7f1667263327
