id,created_at,updated_at,deleted_at,order_id,prod_not_exist_order_id,manufacture_dept_id,target_quantity,actual_quantity,complete_percent
1,2022-10-22 03:00:00+00:00,2022-12-05 16:15:05+00:00,,,1.0,7,172.00,293.00,170.35
2,2022-10-22 03:00:00+00:00,2022-12-05 16:15:05+00:00,,,2.0,8,12.00,0.00,0.00
3,2022-10-22 03:00:00+00:00,2022-12-05 16:15:05+00:00,,,3.0,9,5.00,0.00,0.00
4,2022-10-22 03:00:00+00:00,2022-12-05 16:15:05+00:00,,,4.0,10,0.00,0.00,0.00
5,2022-10-23 03:00:00+00:00,2022-12-05 16:15:06+00:00,,,1.0,7,440.00,0.00,0.00
6,2022-10-23 03:00:00+00:00,2022-12-05 16:15:06+00:00,,,2.0,8,440.00,0.00,0.00
7,2022-10-23 03:00:00+00:00,2022-12-05 16:15:06+00:00,,,3.0,9,400.00,0.00,0.00
8,2022-10-23 03:00:00+00:00,2022-12-05 16:15:06+00:00,,,4.0,10,440.00,0.00,0.00
9,2022-10-24 03:00:00+00:00,2022-12-05 16:15:08+00:00,,,5.0,6,173.00,0.00,0.00
10,2022-10-24 03:00:00+00:00,2022-12-05 16:15:08+00:00,,,1.0,7,440.00,0.00,0.00
11,2022-10-24 03:00:00+00:00,2022-12-05 16:15:08+00:00,,,2.0,8,440.00,505.00,114.77
12,2022-10-24 03:00:00+00:00,2022-12-05 16:15:08+00:00,,,3.0,9,264.00,319.00,120.83
13,2022-10-24 03:00:00+00:00,2022-12-05 16:15:08+00:00,,,4.0,10,440.00,480.00,109.09
14,2022-10-25 03:00:00+00:00,2022-12-05 16:15:10+00:00,,,6.0,5,680.00,1069.00,157.21
15,2022-10-25 03:00:00+00:00,2022-12-05 16:15:10+00:00,,,5.0,6,440.00,516.00,117.27
16,2022-10-25 03:00:00+00:00,2022-12-05 16:15:10+00:00,,,1.0,7,440.00,507.00,115.23
17,2022-10-25 03:00:00+00:00,2022-12-05 16:15:10+00:00,,,2.0,8,440.00,503.00,114.32
18,2022-10-25 03:00:00+00:00,2022-12-05 16:15:10+00:00,,,3.0,9,264.00,300.00,113.64
19,2022-10-25 03:00:00+00:00,2022-12-05 16:15:10+00:00,,,4.0,10,440.00,465.00,105.68
20,2022-10-26 03:00:00+00:00,2022-12-05 16:15:12+00:00,,,6.0,5,880.00,809.00,91.93
21,2022-10-26 03:00:00+00:00,2022-12-05 16:15:12+00:00,,,7.0,6,0.00,25.00,0.00
22,2022-10-26 03:00:00+00:00,2022-12-05 16:15:12+00:00,,,5.0,6,438.00,510.00,116.44
23,2022-10-26 03:00:00+00:00,2022-12-05 16:15:12+00:00,,,1.0,7,440.00,545.00,123.86
24,2022-10-26 03:00:00+00:00,2022-12-05 16:15:12+00:00,,,2.0,8,440.00,488.00,110.91
25,2022-10-26 03:00:00+00:00,2022-12-05 16:15:12+00:00,,,3.0,9,264.00,345.00,130.68
26,2022-10-26 03:00:00+00:00,2022-12-05 16:15:12+00:00,,,4.0,10,440.00,480.00,109.09
27,2022-10-27 03:00:00+00:00,2022-12-05 16:15:17+00:00,,,8.0,5,119.00,183.00,153.78
28,2022-10-27 03:00:00+00:00,2022-12-05 16:15:17+00:00,,,6.0,5,46.00,32.00,69.57
29,2022-10-27 03:00:00+00:00,2022-12-05 16:15:17+00:00,,,9.0,5,71.00,0.00,0.00
30,2022-10-27 03:00:00+00:00,2022-12-05 16:15:17+00:00,,,10.0,5,8.00,0.00,0.00
31,2022-10-27 03:00:00+00:00,2022-12-05 16:15:17+00:00,,,11.0,5,28.00,0.00,0.00
32,2022-10-27 03:00:00+00:00,2022-12-05 16:15:17+00:00,,,12.0,5,3.00,0.00,0.00
33,2022-10-27 03:00:00+00:00,2022-12-05 16:15:17+00:00,,,13.0,5,57.00,0.00,0.00
34,2022-10-27 03:00:00+00:00,2022-12-05 16:15:17+00:00,,,14.0,5,0.00,0.00,0.00
35,2022-10-27 03:00:00+00:00,2022-12-05 16:15:17+00:00,,,15.0,5,0.00,0.00,0.00
36,2022-10-27 03:00:00+00:00,2022-12-05 16:15:17+00:00,,,5.0,6,440.00,510.00,115.91
37,2022-10-27 03:00:00+00:00,2022-12-05 16:15:17+00:00,,,16.0,7,425.00,590.00,138.82
38,2022-10-27 03:00:00+00:00,2022-12-05 16:15:17+00:00,,,1.0,7,14.00,12.00,85.71
39,2022-10-27 03:00:00+00:00,2022-12-05 16:15:17+00:00,,,2.0,8,135.00,35.00,25.93
40,2022-10-27 03:00:00+00:00,2022-12-05 16:15:17+00:00,,,17.0,8,2.00,0.00,0.00
41,2022-10-27 03:00:00+00:00,2022-12-05 16:15:17+00:00,,,18.0,8,150.00,311.00,207.33
42,2022-10-27 03:00:00+00:00,2022-12-05 16:15:17+00:00,,,3.0,9,264.00,580.00,219.70
43,2022-10-27 03:00:00+00:00,2022-12-05 16:15:17+00:00,,,4.0,10,440.00,457.00,103.86
44,2022-10-28 03:00:00+00:00,2022-12-05 16:15:19+00:00,,,19.0,5,176.00,0.00,0.00
45,2022-10-28 03:00:00+00:00,2022-12-05 16:15:19+00:00,,,20.0,5,94.00,0.00,0.00
46,2022-10-28 03:00:00+00:00,2022-12-05 16:15:19+00:00,,,21.0,5,106.00,0.00,0.00
47,2022-10-28 03:00:00+00:00,2022-12-05 16:15:19+00:00,,,22.0,5,165.00,0.00,0.00
48,2022-10-28 03:00:00+00:00,2022-12-05 16:15:19+00:00,,,23.0,5,0.00,0.00,0.00
49,2022-10-28 03:00:00+00:00,2022-12-05 16:15:19+00:00,,,10.0,5,321.00,0.00,0.00
50,2022-10-28 03:00:00+00:00,2022-12-05 16:15:19+00:00,,,24.0,6,1.00,0.00,0.00
51,2022-10-28 03:00:00+00:00,2022-12-05 16:15:19+00:00,,,25.0,6,3.00,0.00,0.00
52,2022-10-28 03:00:00+00:00,2022-12-05 16:15:19+00:00,,,7.0,6,0.00,0.00,0.00
53,2022-10-28 03:00:00+00:00,2022-12-05 16:15:19+00:00,,,26.0,6,2.00,0.00,0.00
54,2022-10-28 03:00:00+00:00,2022-12-05 16:15:19+00:00,,,5.0,6,426.00,0.00,0.00
55,2022-10-28 03:00:00+00:00,2022-12-05 16:15:19+00:00,,,27.0,7,6.00,0.00,0.00
56,2022-10-28 03:00:00+00:00,2022-12-05 16:15:19+00:00,,,16.0,7,428.00,0.00,0.00
57,2022-10-28 03:00:00+00:00,2022-12-05 16:15:19+00:00,,,18.0,8,360.00,0.00,0.00
58,2022-10-28 03:00:00+00:00,2022-12-05 16:15:19+00:00,,,3.0,9,264.00,0.00,0.00
59,2022-10-28 03:00:00+00:00,2022-10-28 03:00:00+00:00,,,4.0,10,,,
60,2022-10-28 03:00:00+00:00,2022-10-28 03:00:00+00:00,,,28.0,10,,,
61,2022-10-29 03:00:00+00:00,2022-12-05 16:15:23+00:00,,,29.0,5,191.00,91.00,47.64
62,2022-10-29 03:00:00+00:00,2022-12-05 16:15:23+00:00,,,22.0,5,410.00,376.00,91.71
63,2022-10-29 03:00:00+00:00,2022-12-05 16:15:23+00:00,,,30.0,5,251.00,152.00,60.56
64,2022-10-29 03:00:00+00:00,2022-12-05 16:15:23+00:00,,,31.0,5,18.00,103.00,572.22
65,2022-10-29 03:00:00+00:00,2022-12-05 16:15:23+00:00,,,25.0,6,2.00,1.00,50.00
66,2022-10-29 03:00:00+00:00,2022-12-05 16:15:23+00:00,,,5.0,6,435.00,500.00,114.94
67,2022-10-29 03:00:00+00:00,2022-12-05 16:15:23+00:00,,,27.0,7,42.00,0.00,0.00
68,2022-10-29 03:00:00+00:00,2022-12-05 16:15:23+00:00,,,16.0,7,101.00,196.00,194.06
69,2022-10-29 03:00:00+00:00,2022-12-05 16:15:23+00:00,,,1.0,7,262.00,325.00,124.05
70,2022-10-29 03:00:00+00:00,2022-12-05 16:15:23+00:00,,,18.0,8,360.00,355.00,98.61
71,2022-10-29 03:00:00+00:00,2022-12-05 16:15:23+00:00,,,32.0,9,2.00,61.00,3050.00
72,2022-10-29 03:00:00+00:00,2022-12-05 16:15:23+00:00,,,33.0,9,0.00,0.00,0.00
73,2022-10-29 03:00:00+00:00,2022-12-05 16:15:23+00:00,,,34.0,9,1.00,0.00,0.00
74,2022-10-29 03:00:00+00:00,2022-10-29 03:00:00+00:00,,,3.0,9,,,
75,2022-10-29 03:00:00+00:00,2022-10-29 03:00:00+00:00,,,28.0,10,,,
76,2022-10-30 03:00:00+00:00,2022-12-05 16:15:25+00:00,,,22.0,5,880.00,0.00,0.00
77,2022-10-30 03:00:00+00:00,2022-12-05 16:15:25+00:00,,,5.0,6,440.00,0.00,0.00
78,2022-10-30 03:00:00+00:00,2022-12-05 16:15:25+00:00,,,1.0,7,440.00,0.00,0.00
79,2022-10-30 03:00:00+00:00,2022-12-05 16:15:25+00:00,,,18.0,8,360.00,0.00,0.00
80,2022-10-30 03:00:00+00:00,2022-12-05 16:15:25+00:00,,,3.0,9,264.00,0.00,0.00
81,2022-10-30 03:00:00+00:00,2022-12-05 16:15:25+00:00,,,28.0,10,440.00,0.00,0.00
82,2022-10-31 03:00:00+00:00,2022-12-05 16:15:28+00:00,,1969.0,,5,427.00,124.00,29.04
83,2022-10-31 03:00:00+00:00,2022-12-05 16:15:28+00:00,,1977.0,,5,251.00,60.00,23.90
84,2022-10-31 03:00:00+00:00,2022-12-05 16:15:28+00:00,,,35.0,5,123.00,150.00,121.95
85,2022-10-31 03:00:00+00:00,2022-12-05 16:15:28+00:00,,,22.0,5,73.00,1.00,1.37
86,2022-10-31 03:00:00+00:00,2022-12-05 16:15:28+00:00,,,10.0,5,145.00,0.00,0.00
87,2022-10-31 03:00:00+00:00,2022-12-05 16:15:28+00:00,,,5.0,6,0.00,274.00,0.00
88,2022-10-31 03:00:00+00:00,2022-12-05 16:15:28+00:00,,,36.0,6,120.00,80.00,66.67
89,2022-10-31 03:00:00+00:00,2022-12-05 16:15:28+00:00,,,1.0,7,440.00,0.00,0.00
90,2022-10-31 03:00:00+00:00,2022-12-05 16:15:29+00:00,,,17.0,8,42.00,85.00,202.38
91,2022-10-31 03:00:00+00:00,2022-10-31 03:00:00+00:00,,,18.0,8,,,
92,2022-10-31 03:00:00+00:00,2022-10-31 03:00:00+00:00,,,3.0,9,,,
93,2022-10-31 03:00:00+00:00,2022-10-31 03:00:00+00:00,,,28.0,10,,,
94,2022-11-01 03:00:00+00:00,2022-12-05 16:15:33+00:00,,,37.0,5,237.00,0.00,0.00
95,2022-11-01 03:00:00+00:00,2022-12-05 16:15:33+00:00,,,38.0,5,281.00,0.00,0.00
96,2022-11-01 03:00:00+00:00,2022-12-05 16:15:33+00:00,,1973.0,,5,109.00,103.00,94.50
97,2022-11-01 03:00:00+00:00,2022-12-05 16:15:33+00:00,,1974.0,,5,233.00,103.00,44.21
98,2022-11-01 03:00:00+00:00,2022-12-05 16:15:33+00:00,,1977.0,,5,84.00,44.00,52.38
99,2022-11-01 03:00:00+00:00,2022-12-05 16:15:33+00:00,,1983.0,,5,79.00,84.00,106.33
100,2022-11-01 03:00:00+00:00,2022-12-05 16:15:33+00:00,,,10.0,5,37.00,0.00,0.00
101,2022-11-01 03:00:00+00:00,2022-12-05 16:15:33+00:00,,,5.0,6,0.00,9.00,0.00
102,2022-11-01 03:00:00+00:00,2022-12-05 16:15:33+00:00,,,36.0,6,413.00,483.00,116.95
103,2022-11-01 03:00:00+00:00,2022-12-05 16:15:33+00:00,,,16.0,7,85.00,98.00,115.29
104,2022-11-01 03:00:00+00:00,2022-12-05 16:15:33+00:00,,,1.0,7,353.00,522.00,147.88
105,2022-11-01 03:00:00+00:00,2022-12-05 16:15:33+00:00,,,17.0,8,343.00,330.00,96.21
106,2022-11-01 03:00:00+00:00,2022-12-05 16:15:33+00:00,,,18.0,8,0.00,36.00,0.00
107,2022-11-01 03:00:00+00:00,2022-12-05 16:15:33+00:00,,,3.0,9,264.00,316.00,119.70
108,2022-11-01 03:00:00+00:00,2022-12-05 16:15:33+00:00,,,28.0,10,440.00,501.00,113.86
109,2022-11-01 03:00:00+00:00,2022-12-05 16:15:33+00:00,,700.0,,11,143.00,0.00,0.00
110,2022-11-02 03:00:00+00:00,2022-12-05 16:15:37+00:00,,,39.0,5,185.00,128.00,69.19
111,2022-11-02 03:00:00+00:00,2022-12-05 16:15:37+00:00,,,40.0,5,163.00,100.00,61.35
112,2022-11-02 03:00:00+00:00,2022-12-05 16:15:37+00:00,,1970.0,,5,230.00,97.00,42.17
113,2022-11-02 03:00:00+00:00,2022-12-05 16:15:38+00:00,,1979.0,,5,31.00,50.00,161.29
114,2022-11-02 03:00:00+00:00,2022-12-05 16:15:38+00:00,,1980.0,,5,112.00,104.00,92.86
115,2022-11-02 03:00:00+00:00,2022-12-05 16:15:38+00:00,,,41.0,5,82.00,0.00,0.00
116,2022-11-02 03:00:00+00:00,2022-12-05 16:15:38+00:00,,1982.0,,5,84.00,103.00,122.62
117,2022-11-02 03:00:00+00:00,2022-12-05 16:15:38+00:00,,1983.0,,5,280.00,52.00,18.57
118,2022-11-02 03:00:00+00:00,2022-12-05 16:15:38+00:00,,,15.0,5,42.00,49.00,116.67
119,2022-11-02 03:00:00+00:00,2022-12-05 16:15:38+00:00,,,36.0,6,440.00,502.00,114.09
120,2022-11-02 03:00:00+00:00,2022-12-05 16:15:38+00:00,,,1.0,7,393.00,520.00,132.32
121,2022-11-02 03:00:00+00:00,2022-12-05 16:15:38+00:00,,,42.0,7,46.00,0.00,0.00
122,2022-11-02 03:00:00+00:00,2022-12-05 16:15:38+00:00,,,17.0,8,344.00,0.00,0.00
123,2022-11-02 03:00:00+00:00,2022-12-05 16:15:38+00:00,,,3.0,9,264.00,323.00,122.35
124,2022-11-02 03:00:00+00:00,2022-12-05 16:15:38+00:00,,,28.0,10,440.00,470.00,106.82
125,2022-11-02 03:00:00+00:00,2022-12-05 16:15:38+00:00,,700.0,,11,440.00,130.00,29.55
126,2022-11-03 03:00:00+00:00,2022-12-05 16:15:42+00:00,,,43.0,5,401.00,187.00,46.63
127,2022-11-03 03:00:00+00:00,2022-12-05 16:15:42+00:00,,1966.0,,5,323.00,370.00,114.55
128,2022-11-03 03:00:00+00:00,2022-12-05 16:15:42+00:00,,1975.0,,5,231.00,0.00,0.00
129,2022-11-03 03:00:00+00:00,2022-12-05 16:15:42+00:00,,1976.0,,5,151.00,103.00,68.21
130,2022-11-03 03:00:00+00:00,2022-12-05 16:15:42+00:00,,1979.0,,5,147.00,54.00,36.73
131,2022-11-03 03:00:00+00:00,2022-12-05 16:15:43+00:00,,1982.0,,5,29.00,0.00,0.00
132,2022-11-03 03:00:00+00:00,2022-12-05 16:15:43+00:00,,1983.0,,5,184.00,68.00,36.96
133,2022-11-03 03:00:00+00:00,2022-12-05 16:15:43+00:00,,2017.0,,5,60.00,100.00,166.67
134,2022-11-03 03:00:00+00:00,2022-12-05 16:15:43+00:00,,,36.0,6,440.00,510.00,115.91
135,2022-11-03 03:00:00+00:00,2022-12-05 16:15:43+00:00,,,1.0,7,7.00,11.00,157.14
136,2022-11-03 03:00:00+00:00,2022-12-05 16:15:43+00:00,,,42.0,7,432.00,610.00,141.20
137,2022-11-03 03:00:00+00:00,2022-12-05 16:15:43+00:00,,,17.0,8,344.00,353.00,102.62
138,2022-11-03 03:00:00+00:00,2022-12-05 16:15:43+00:00,,,3.0,9,264.00,311.00,117.80
139,2022-11-03 03:00:00+00:00,2022-12-05 16:15:43+00:00,,,28.0,10,440.00,460.00,104.55
140,2022-11-03 03:00:00+00:00,2022-12-05 16:15:43+00:00,,700.0,,11,440.00,305.00,69.32
141,2022-11-04 03:00:00+00:00,2022-12-05 16:15:47+00:00,,,44.0,5,215.00,228.00,106.05
142,2022-11-04 03:00:00+00:00,2022-12-05 16:15:47+00:00,,,43.0,5,332.00,0.00,0.00
143,2022-11-04 03:00:00+00:00,2022-12-05 16:15:47+00:00,,,45.0,5,83.00,60.00,72.29
144,2022-11-04 03:00:00+00:00,2022-12-05 16:15:48+00:00,,1949.0,,5,84.00,0.00,0.00
145,2022-11-04 03:00:00+00:00,2022-12-05 16:15:48+00:00,,1950.0,,5,255.00,102.00,40.00
146,2022-11-04 03:00:00+00:00,2022-12-05 16:15:48+00:00,,1966.0,,5,260.00,57.00,21.92
147,2022-11-04 03:00:00+00:00,2022-12-05 16:15:48+00:00,,2020.0,,5,39.00,101.00,258.97
148,2022-11-04 03:00:00+00:00,2022-12-05 16:15:48+00:00,,2043.0,,5,0.00,200.00,0.00
149,2022-11-04 03:00:00+00:00,2022-12-05 16:15:48+00:00,,,36.0,6,440.00,518.00,117.73
150,2022-11-04 03:00:00+00:00,2022-12-05 16:15:48+00:00,,,42.0,7,440.00,630.00,143.18
151,2022-11-04 03:00:00+00:00,2022-12-05 16:15:48+00:00,,,17.0,8,207.00,181.00,87.44
152,2022-11-04 03:00:00+00:00,2022-12-05 16:15:48+00:00,,,46.0,8,172.00,195.00,113.37
153,2022-11-04 03:00:00+00:00,2022-12-05 16:15:48+00:00,,1077.0,,9,243.00,0.00,0.00
154,2022-11-04 03:00:00+00:00,2022-12-05 16:15:48+00:00,,1078.0,,9,4.00,13.00,325.00
155,2022-11-04 03:00:00+00:00,2022-12-05 16:15:48+00:00,,,3.0,9,29.00,0.00,0.00
156,2022-11-04 03:00:00+00:00,2022-12-05 16:15:48+00:00,,,28.0,10,440.00,470.00,106.82
157,2022-11-04 03:00:00+00:00,2022-12-05 16:15:48+00:00,,700.0,,11,440.00,330.00,75.00
158,2022-11-05 03:00:00+00:00,2022-12-05 16:15:53+00:00,,,44.0,5,141.00,0.00,0.00
159,2022-11-05 03:00:00+00:00,2022-12-05 16:15:53+00:00,,,45.0,5,41.00,3.00,7.32
160,2022-11-05 03:00:00+00:00,2022-12-05 16:15:53+00:00,,1949.0,,5,138.00,0.00,0.00
161,2022-11-05 03:00:00+00:00,2022-12-05 16:15:53+00:00,,1933.0,,5,178.00,104.00,58.43
162,2022-11-05 03:00:00+00:00,2022-12-05 16:15:53+00:00,,1959.0,,5,48.00,16.00,33.33
163,2022-11-05 03:00:00+00:00,2022-12-05 16:15:53+00:00,,1967.0,,5,165.00,99.00,60.00
164,2022-11-05 03:00:00+00:00,2022-12-05 16:15:53+00:00,,2045.0,,5,128.00,200.00,156.25
165,2022-11-05 03:00:00+00:00,2022-12-05 16:15:53+00:00,,2048.0,,5,191.00,88.00,46.07
166,2022-11-05 03:00:00+00:00,2022-12-05 16:15:53+00:00,,2065.0,,5,134.00,0.00,0.00
167,2022-11-05 03:00:00+00:00,2022-12-05 16:15:53+00:00,,2066.0,,5,79.00,0.00,0.00
168,2022-11-05 03:00:00+00:00,2022-12-05 16:15:53+00:00,,2067.0,,5,282.00,101.00,35.82
169,2022-11-05 03:00:00+00:00,2022-12-05 16:15:53+00:00,,2068.0,,5,189.00,100.00,52.91
170,2022-11-05 03:00:00+00:00,2022-12-05 16:15:53+00:00,,,36.0,6,0.00,565.00,0.00
171,2022-11-05 03:00:00+00:00,2022-12-05 16:15:53+00:00,,,42.0,7,440.00,500.00,113.64
172,2022-11-05 03:00:00+00:00,2022-12-05 16:15:53+00:00,,,46.0,8,360.00,319.00,88.61
173,2022-11-05 03:00:00+00:00,2022-12-05 16:15:53+00:00,,1077.0,,9,280.00,279.00,99.64
174,2022-11-05 03:00:00+00:00,2022-12-05 16:15:53+00:00,,,28.0,10,440.00,425.00,96.59
175,2022-11-05 03:00:00+00:00,2022-12-05 16:15:53+00:00,,700.0,,11,440.00,390.00,88.64
176,2022-11-06 03:00:00+00:00,2022-12-05 16:15:56+00:00,,1959.0,,5,880.00,0.00,0.00
177,2022-11-06 03:00:00+00:00,2022-12-05 16:15:56+00:00,,2066.0,,5,880.00,0.00,0.00
178,2022-11-06 03:00:00+00:00,2022-12-05 16:15:56+00:00,,,36.0,6,0.00,0.00,0.00
179,2022-11-06 03:00:00+00:00,2022-12-05 16:15:56+00:00,,,42.0,7,440.00,0.00,0.00
180,2022-11-06 03:00:00+00:00,2022-12-05 16:15:56+00:00,,,46.0,8,360.00,0.00,0.00
181,2022-11-06 03:00:00+00:00,2022-12-05 16:15:56+00:00,,1077.0,,9,280.00,0.00,0.00
182,2022-11-06 03:00:00+00:00,2022-12-05 16:15:56+00:00,,,28.0,10,440.00,0.00,0.00
183,2022-11-06 03:00:00+00:00,2022-12-05 16:15:56+00:00,,700.0,,11,440.00,0.00,0.00
184,2022-11-07 03:00:00+00:00,2022-12-05 16:15:58+00:00,,1801.0,,5,200.00,0.00,0.00
185,2022-11-07 03:00:00+00:00,2022-12-05 16:15:58+00:00,,1802.0,,5,431.00,0.00,0.00
186,2022-11-07 03:00:00+00:00,2022-12-05 16:15:58+00:00,,1804.0,,5,303.00,59.00,19.47
187,2022-11-07 03:00:00+00:00,2022-12-05 16:15:58+00:00,,1806.0,,5,1741.00,0.00,0.00
188,2022-11-07 03:00:00+00:00,2022-12-05 16:15:58+00:00,,1959.0,,5,576.00,0.00,0.00
189,2022-11-07 03:00:00+00:00,2022-12-05 16:15:58+00:00,,2048.0,,5,0.00,12.00,0.00
190,2022-11-07 03:00:00+00:00,2022-12-05 16:15:59+00:00,,2066.0,,5,233.00,66.00,28.33
191,2022-11-07 03:00:00+00:00,2022-12-05 16:15:59+00:00,,,36.0,6,0.00,0.00,0.00
192,2022-11-07 03:00:00+00:00,2022-12-05 16:15:59+00:00,,687.0,,7,368.00,0.00,0.00
193,2022-11-07 03:00:00+00:00,2022-12-05 16:15:59+00:00,,,42.0,7,71.00,0.00,0.00
194,2022-11-07 03:00:00+00:00,2022-12-05 16:15:59+00:00,,,17.0,8,9.00,0.00,0.00
195,2022-11-07 03:00:00+00:00,2022-12-05 16:15:59+00:00,,,46.0,8,350.00,0.00,0.00
196,2022-11-07 03:00:00+00:00,2022-11-07 03:00:00+00:00,,1077.0,,9,,,
197,2022-11-07 03:00:00+00:00,2022-11-07 03:00:00+00:00,,,28.0,10,,,
198,2022-11-07 03:00:00+00:00,2022-11-07 03:00:00+00:00,,700.0,,11,,,
199,2022-11-08 03:00:00+00:00,2022-12-05 16:16:03+00:00,,1801.0,,5,194.00,0.00,0.00
200,2022-11-08 03:00:00+00:00,2022-12-05 16:16:03+00:00,,1806.0,,5,880.00,113.00,12.84
201,2022-11-08 03:00:00+00:00,2022-12-05 16:16:03+00:00,,1971.0,,5,684.00,405.00,59.21
202,2022-11-08 03:00:00+00:00,2022-12-05 16:16:03+00:00,,,47.0,5,1758.00,0.00,0.00
203,2022-11-08 03:00:00+00:00,2022-12-05 16:16:03+00:00,,,36.0,6,0.00,0.00,0.00
204,2022-11-08 03:00:00+00:00,2022-12-05 16:16:03+00:00,,687.0,,7,435.00,474.00,108.97
205,2022-11-08 03:00:00+00:00,2022-12-05 16:16:03+00:00,,,42.0,7,4.00,14.00,350.00
206,2022-11-08 03:00:00+00:00,2022-12-05 16:16:03+00:00,,,17.0,8,1.00,20.00,2000.00
207,2022-11-08 03:00:00+00:00,2022-12-05 16:16:03+00:00,,,46.0,8,359.00,350.00,97.49
208,2022-11-08 03:00:00+00:00,2022-12-05 16:16:03+00:00,,1077.0,,9,263.00,224.00,85.17
209,2022-11-08 03:00:00+00:00,2022-12-05 16:16:03+00:00,,,48.0,9,23.00,26.00,113.04
210,2022-11-08 03:00:00+00:00,2022-12-05 16:16:03+00:00,,,49.0,9,0.00,0.00,0.00
211,2022-11-08 03:00:00+00:00,2022-12-05 16:16:03+00:00,,,28.0,10,440.00,0.00,0.00
212,2022-11-08 03:00:00+00:00,2022-12-05 16:16:03+00:00,,700.0,,11,440.00,0.00,0.00
213,2022-11-09 03:00:00+00:00,2022-12-05 16:16:08+00:00,,1800.0,,5,294.00,256.00,87.07
214,2022-11-09 03:00:00+00:00,2022-12-05 16:16:08+00:00,,1803.0,,5,439.00,256.00,58.31
215,2022-11-09 03:00:00+00:00,2022-12-05 16:16:08+00:00,,1807.0,,5,70.00,57.00,81.43
216,2022-11-09 03:00:00+00:00,2022-12-05 16:16:08+00:00,,1809.0,,5,486.00,256.00,52.67
217,2022-11-09 03:00:00+00:00,2022-12-05 16:16:08+00:00,,1959.0,,5,57.00,41.00,71.93
218,2022-11-09 03:00:00+00:00,2022-12-05 16:16:08+00:00,,1971.0,,5,238.00,0.00,0.00
219,2022-11-09 03:00:00+00:00,2022-12-05 16:16:08+00:00,,,47.0,5,167.00,0.00,0.00
220,2022-11-09 03:00:00+00:00,2022-12-05 16:16:08+00:00,,,36.0,6,0.00,532.00,0.00
221,2022-11-09 03:00:00+00:00,2022-12-05 16:16:08+00:00,,687.0,,7,182.00,525.00,288.46
222,2022-11-09 03:00:00+00:00,2022-12-05 16:16:08+00:00,,,42.0,7,256.00,258.00,100.78
223,2022-11-09 03:00:00+00:00,2022-12-05 16:16:08+00:00,,,46.0,8,360.00,372.00,103.33
224,2022-11-09 03:00:00+00:00,2022-12-05 16:16:08+00:00,,1077.0,,9,3.00,26.00,866.67
225,2022-11-09 03:00:00+00:00,2022-12-05 16:16:08+00:00,,,48.0,9,201.00,97.00,48.26
226,2022-11-09 03:00:00+00:00,2022-12-05 16:16:08+00:00,,,49.0,9,215.00,128.00,59.53
227,2022-11-09 03:00:00+00:00,2022-12-05 16:16:08+00:00,,,28.0,10,440.00,460.00,104.55
228,2022-11-09 03:00:00+00:00,2022-12-05 16:16:08+00:00,,700.0,,11,151.00,0.00,0.00
229,2022-11-09 03:00:00+00:00,2022-12-05 16:16:08+00:00,,1453.0,,11,173.00,27.00,15.61
230,2022-11-10 03:00:00+00:00,2022-12-05 16:16:11+00:00,,1799.0,,5,68.00,59.00,86.76
231,2022-11-10 03:00:00+00:00,2022-12-05 16:16:11+00:00,,1807.0,,5,378.00,199.00,52.65
232,2022-11-10 03:00:00+00:00,2022-12-05 16:16:11+00:00,,1810.0,,5,404.00,201.00,49.75
233,2022-11-10 03:00:00+00:00,2022-12-05 16:16:11+00:00,,1959.0,,5,304.00,0.00,0.00
234,2022-11-10 03:00:00+00:00,2022-12-05 16:16:11+00:00,,2022.0,,5,292.00,101.00,34.59
235,2022-11-10 03:00:00+00:00,2022-12-05 16:16:11+00:00,,2049.0,,5,97.00,0.00,0.00
236,2022-11-10 03:00:00+00:00,2022-12-05 16:16:11+00:00,,2065.0,,5,6.00,0.00,0.00
237,2022-11-10 03:00:00+00:00,2022-12-05 16:16:11+00:00,,2069.0,,5,207.00,0.00,0.00
238,2022-11-10 03:00:00+00:00,2022-12-05 16:16:11+00:00,,,36.0,6,0.00,0.00,0.00
239,2022-11-10 03:00:00+00:00,2022-11-10 03:00:00+00:00,,687.0,,7,,,
240,2022-11-10 03:00:00+00:00,2022-11-10 03:00:00+00:00,,,46.0,8,,,
241,2022-11-10 03:00:00+00:00,2022-11-10 03:00:00+00:00,,,48.0,9,,,
242,2022-11-10 03:00:00+00:00,2022-11-10 03:00:00+00:00,,,49.0,9,,,
243,2022-11-10 03:00:00+00:00,2022-11-10 03:00:00+00:00,,,28.0,10,,,
244,2022-11-10 03:00:00+00:00,2022-11-10 03:00:00+00:00,,1453.0,,11,,,
245,2022-11-11 03:00:00+00:00,2022-12-05 16:16:13+00:00,,1799.0,,5,48.00,0.00,0.00
246,2022-11-11 03:00:00+00:00,2022-12-05 16:16:13+00:00,,1806.0,,5,0.00,0.00,0.00
247,2022-11-11 03:00:00+00:00,2022-12-05 16:16:13+00:00,,1808.0,,5,662.00,0.00,0.00
248,2022-11-11 03:00:00+00:00,2022-12-05 16:16:13+00:00,,1810.0,,5,46.00,0.00,0.00
249,2022-11-11 03:00:00+00:00,2022-12-05 16:16:13+00:00,,1907.0,,5,447.00,0.00,0.00
250,2022-11-11 03:00:00+00:00,2022-12-05 16:16:13+00:00,,1958.0,,5,99.00,0.00,0.00
251,2022-11-11 03:00:00+00:00,2022-12-05 16:16:13+00:00,,1959.0,,5,63.00,0.00,0.00
252,2022-11-11 03:00:00+00:00,2022-12-05 16:16:13+00:00,,2072.0,,5,383.00,0.00,0.00
253,2022-11-11 03:00:00+00:00,2022-12-05 16:16:13+00:00,,1389.0,,6,356.00,0.00,0.00
254,2022-11-11 03:00:00+00:00,2022-12-05 16:16:13+00:00,,,36.0,6,0.00,0.00,0.00
255,2022-11-11 03:00:00+00:00,2022-11-11 03:00:00+00:00,,687.0,,7,,,
256,2022-11-11 03:00:00+00:00,2022-11-11 03:00:00+00:00,,,46.0,8,,,
257,2022-11-11 03:00:00+00:00,2022-11-11 03:00:00+00:00,,,49.0,9,,,
258,2022-11-11 03:00:00+00:00,2022-11-11 03:00:00+00:00,,,28.0,10,,,
259,2022-11-11 03:00:00+00:00,2022-11-11 03:00:00+00:00,,1453.0,,11,,,
260,2022-11-12 03:00:00+00:00,2022-12-05 16:16:16+00:00,,1907.0,,5,103.00,0.00,0.00
261,2022-11-12 03:00:00+00:00,2022-12-05 16:16:16+00:00,,1958.0,,5,880.00,648.00,73.64
262,2022-11-12 03:00:00+00:00,2022-12-05 16:16:16+00:00,,1993.0,,5,776.00,750.00,96.65
263,2022-11-12 03:00:00+00:00,2022-12-05 16:16:16+00:00,,1389.0,,6,360.00,300.00,83.33
264,2022-11-12 03:00:00+00:00,2022-12-05 16:16:16+00:00,,687.0,,7,440.00,550.00,125.00
265,2022-11-12 03:00:00+00:00,2022-12-05 16:16:16+00:00,,,2.0,8,119.00,100.00,84.03
266,2022-11-12 03:00:00+00:00,2022-12-05 16:16:16+00:00,,,17.0,8,0.00,46.00,0.00
267,2022-11-12 03:00:00+00:00,2022-12-05 16:16:16+00:00,,,46.0,8,261.00,0.00,0.00
268,2022-11-12 03:00:00+00:00,2022-12-05 16:16:16+00:00,,,49.0,9,416.00,400.00,96.15
269,2022-11-12 03:00:00+00:00,2022-12-05 16:16:16+00:00,,,28.0,10,440.00,450.00,102.27
270,2022-11-12 03:00:00+00:00,2022-12-05 16:16:16+00:00,,1453.0,,11,264.00,90.00,34.09
271,2022-11-13 03:00:00+00:00,2022-12-05 16:16:19+00:00,,1958.0,,5,880.00,0.00,0.00
272,2022-11-13 03:00:00+00:00,2022-12-05 16:16:19+00:00,,1993.0,,5,880.00,0.00,0.00
273,2022-11-13 03:00:00+00:00,2022-12-05 16:16:19+00:00,,1389.0,,6,360.00,0.00,0.00
274,2022-11-13 03:00:00+00:00,2022-12-05 16:16:19+00:00,,687.0,,7,440.00,0.00,0.00
275,2022-11-13 03:00:00+00:00,2022-12-05 16:16:19+00:00,,,46.0,8,360.00,0.00,0.00
276,2022-11-13 03:00:00+00:00,2022-12-05 16:16:19+00:00,,,49.0,9,416.00,0.00,0.00
277,2022-11-13 03:00:00+00:00,2022-12-05 16:16:19+00:00,,,28.0,10,440.00,0.00,0.00
278,2022-11-13 03:00:00+00:00,2022-11-13 03:00:00+00:00,,1453.0,,11,,,
279,2022-11-14 03:00:00+00:00,2022-12-05 16:16:24+00:00,,1808.0,,5,72.00,60.00,83.33
280,2022-11-14 03:00:00+00:00,2022-12-05 16:16:24+00:00,,1958.0,,5,51.00,0.00,0.00
281,2022-11-14 03:00:00+00:00,2022-12-05 16:16:24+00:00,,1993.0,,5,41.00,4.00,9.76
282,2022-11-14 03:00:00+00:00,2022-12-05 16:16:24+00:00,,2021.0,,5,340.00,103.00,30.29
283,2022-11-14 03:00:00+00:00,2022-12-05 16:16:24+00:00,,2062.0,,5,218.00,101.00,46.33
284,2022-11-14 03:00:00+00:00,2022-12-05 16:16:24+00:00,,2112.0,,5,267.00,89.00,33.33
285,2022-11-14 03:00:00+00:00,2022-12-05 16:16:24+00:00,,2123.0,,5,160.00,102.00,63.75
286,2022-11-14 03:00:00+00:00,2022-12-05 16:16:24+00:00,,2124.0,,5,97.00,102.00,105.15
287,2022-11-14 03:00:00+00:00,2022-12-05 16:16:24+00:00,,2126.0,,5,213.00,101.00,47.42
288,2022-11-14 03:00:00+00:00,2022-12-05 16:16:24+00:00,,2127.0,,5,141.00,101.00,71.63
289,2022-11-14 03:00:00+00:00,2022-12-05 16:16:24+00:00,,2125.0,,5,110.00,100.00,90.91
290,2022-11-14 03:00:00+00:00,2022-12-05 16:16:24+00:00,,,50.0,5,24.00,20.00,83.33
291,2022-11-14 03:00:00+00:00,2022-12-05 16:16:24+00:00,,1389.0,,6,360.00,300.00,83.33
292,2022-11-14 03:00:00+00:00,2022-12-05 16:16:24+00:00,,687.0,,7,440.00,0.00,0.00
293,2022-11-14 03:00:00+00:00,2022-12-05 16:16:24+00:00,,,2.0,8,358.00,230.00,64.25
294,2022-11-14 03:00:00+00:00,2022-12-05 16:16:24+00:00,,,46.0,8,64.00,0.00,0.00
295,2022-11-14 03:00:00+00:00,2022-12-05 16:16:24+00:00,,,49.0,9,416.00,0.00,0.00
296,2022-11-14 03:00:00+00:00,2022-11-14 03:00:00+00:00,,,28.0,10,,,
297,2022-11-14 03:00:00+00:00,2022-11-14 03:00:00+00:00,,1453.0,,11,,,
298,2022-11-15 03:00:00+00:00,2022-12-05 16:16:28+00:00,,1805.0,,5,330.00,226.00,68.48
299,2022-11-15 03:00:00+00:00,2022-12-05 16:16:28+00:00,,1811.0,,5,70.00,0.00,0.00
300,2022-11-15 03:00:00+00:00,2022-12-05 16:16:28+00:00,,2023.0,,5,211.00,98.00,46.45
301,2022-11-15 03:00:00+00:00,2022-12-05 16:16:28+00:00,,2041.0,,5,96.00,49.00,51.04
302,2022-11-15 03:00:00+00:00,2022-12-05 16:16:28+00:00,,2112.0,,5,139.00,0.00,0.00
303,2022-11-15 03:00:00+00:00,2022-12-05 16:16:28+00:00,,2125.0,,5,336.00,152.00,45.24
304,2022-11-15 03:00:00+00:00,2022-12-05 16:16:28+00:00,,,51.0,5,509.00,252.00,49.51
305,2022-11-15 03:00:00+00:00,2022-12-05 16:16:28+00:00,,,52.0,5,64.00,0.00,0.00
306,2022-11-15 03:00:00+00:00,2022-12-05 16:16:28+00:00,,1389.0,,6,360.00,0.00,0.00
307,2022-11-15 03:00:00+00:00,2022-12-05 16:16:28+00:00,,687.0,,7,440.00,0.00,0.00
308,2022-11-15 03:00:00+00:00,2022-12-05 16:16:28+00:00,,,17.0,8,0.00,19.00,0.00
309,2022-11-15 03:00:00+00:00,2022-12-05 16:16:28+00:00,,,46.0,8,359.00,335.00,93.31
310,2022-11-15 03:00:00+00:00,2022-12-05 16:16:28+00:00,,,49.0,9,416.00,400.00,96.15
311,2022-11-15 03:00:00+00:00,2022-12-05 16:16:28+00:00,,,28.0,10,440.00,0.00,0.00
312,2022-11-15 03:00:00+00:00,2022-12-05 16:16:28+00:00,,1453.0,,11,264.00,74.00,28.03
313,2022-11-16 03:00:00+00:00,2022-12-05 16:16:34+00:00,,1805.0,,5,465.00,24.00,5.16
314,2022-11-16 03:00:00+00:00,2022-12-05 16:16:34+00:00,,1811.0,,5,237.00,144.00,60.76
315,2022-11-16 03:00:00+00:00,2022-12-05 16:16:34+00:00,,2042.0,,5,257.00,51.00,19.84
316,2022-11-16 03:00:00+00:00,2022-12-05 16:16:34+00:00,,2063.0,,5,31.00,44.00,141.94
317,2022-11-16 03:00:00+00:00,2022-12-05 16:16:34+00:00,,2064.0,,5,44.00,100.00,227.27
318,2022-11-16 03:00:00+00:00,2022-12-05 16:16:34+00:00,,2112.0,,5,15.00,10.00,66.67
319,2022-11-16 03:00:00+00:00,2022-12-05 16:16:34+00:00,,2114.0,,5,18.00,100.00,555.56
320,2022-11-16 03:00:00+00:00,2022-12-05 16:16:34+00:00,,,53.0,5,55.00,84.00,152.73
321,2022-11-16 03:00:00+00:00,2022-12-05 16:16:34+00:00,,,54.0,5,128.00,0.00,0.00
322,2022-11-16 03:00:00+00:00,2022-12-05 16:16:34+00:00,,,55.0,5,0.00,37.00,0.00
323,2022-11-16 03:00:00+00:00,2022-12-05 16:16:34+00:00,,,56.0,5,387.00,138.00,35.66
324,2022-11-16 03:00:00+00:00,2022-12-05 16:16:34+00:00,,,57.0,5,105.00,60.00,57.14
325,2022-11-16 03:00:00+00:00,2022-12-05 16:16:34+00:00,,1388.0,,6,78.00,160.00,205.13
326,2022-11-16 03:00:00+00:00,2022-12-05 16:16:34+00:00,,1389.0,,6,295.00,185.00,62.71
327,2022-11-16 03:00:00+00:00,2022-12-05 16:16:34+00:00,,1390.0,,6,0.00,0.00,0.00
328,2022-11-16 03:00:00+00:00,2022-12-05 16:16:34+00:00,,687.0,,7,440.00,550.00,125.00
329,2022-11-16 03:00:00+00:00,2022-12-05 16:16:34+00:00,,1398.0,,8,109.00,0.00,0.00
330,2022-11-16 03:00:00+00:00,2022-12-05 16:16:34+00:00,,,46.0,8,289.00,0.00,0.00
331,2022-11-16 03:00:00+00:00,2022-12-05 16:16:34+00:00,,,49.0,9,416.00,0.00,0.00
332,2022-11-16 03:00:00+00:00,2022-12-05 16:16:34+00:00,,1393.0,,10,413.00,0.00,0.00
333,2022-11-16 03:00:00+00:00,2022-12-05 16:16:34+00:00,,,28.0,10,27.00,0.00,0.00
334,2022-11-16 03:00:00+00:00,2022-12-05 16:16:34+00:00,,1453.0,,11,264.00,0.00,0.00
335,2022-11-17 03:00:00+00:00,2022-12-05 16:16:38+00:00,,1805.0,,5,134.00,0.00,0.00
336,2022-11-17 03:00:00+00:00,2022-12-05 16:16:38+00:00,,2051.0,,5,0.00,0.00,0.00
337,2022-11-17 03:00:00+00:00,2022-12-05 16:16:39+00:00,,2052.0,,5,658.00,301.00,45.74
338,2022-11-17 03:00:00+00:00,2022-12-05 16:16:39+00:00,,2063.0,,5,499.00,6.00,1.20
339,2022-11-17 03:00:00+00:00,2022-12-05 16:16:39+00:00,,2097.0,,5,132.00,150.00,113.64
340,2022-11-17 03:00:00+00:00,2022-12-05 16:16:39+00:00,,2111.0,,5,127.00,40.00,31.50
341,2022-11-17 03:00:00+00:00,2022-12-05 16:16:39+00:00,,,53.0,5,117.00,18.00,15.38
342,2022-11-17 03:00:00+00:00,2022-12-05 16:16:39+00:00,,,57.0,5,20.00,0.00,0.00
343,2022-11-17 03:00:00+00:00,2022-12-05 16:16:39+00:00,,1388.0,,6,427.00,0.00,0.00
344,2022-11-17 03:00:00+00:00,2022-12-05 16:16:39+00:00,,1389.0,,6,2.00,1.00,50.00
345,2022-11-17 03:00:00+00:00,2022-12-05 16:16:39+00:00,,1391.0,,6,8.00,50.00,625.00
346,2022-11-17 03:00:00+00:00,2022-12-05 16:16:39+00:00,,691.0,,7,78.00,100.00,128.21
347,2022-11-17 03:00:00+00:00,2022-12-05 16:16:39+00:00,,687.0,,7,344.00,0.00,0.00
348,2022-11-17 03:00:00+00:00,2022-12-05 16:16:39+00:00,,1398.0,,8,440.00,101.00,22.95
349,2022-11-17 03:00:00+00:00,2022-12-05 16:16:39+00:00,,,49.0,9,416.00,0.00,0.00
350,2022-11-17 03:00:00+00:00,2022-12-05 16:16:39+00:00,,1393.0,,10,440.00,0.00,0.00
351,2022-11-17 03:00:00+00:00,2022-11-17 03:00:00+00:00,,1453.0,,11,,,
352,2022-11-18 03:00:00+00:00,2022-12-05 16:16:43+00:00,,2052.0,,5,17.00,0.00,0.00
353,2022-11-18 03:00:00+00:00,2022-12-05 16:16:43+00:00,,2064.0,,5,161.00,200.00,124.22
354,2022-11-18 03:00:00+00:00,2022-12-05 16:16:43+00:00,,2096.0,,5,702.00,131.00,18.66
355,2022-11-18 03:00:00+00:00,2022-12-05 16:16:43+00:00,,2098.0,,5,341.00,151.00,44.28
356,2022-11-18 03:00:00+00:00,2022-12-05 16:16:44+00:00,,2111.0,,5,174.00,60.00,34.48
357,2022-11-18 03:00:00+00:00,2022-12-05 16:16:44+00:00,,,58.0,5,356.00,302.00,84.83
358,2022-11-18 03:00:00+00:00,2022-12-05 16:16:44+00:00,,1386.0,,6,0.00,0.00,0.00
359,2022-11-18 03:00:00+00:00,2022-12-05 16:16:44+00:00,,1387.0,,6,0.00,0.00,0.00
360,2022-11-18 03:00:00+00:00,2022-12-05 16:16:44+00:00,,1388.0,,6,436.00,0.00,0.00
361,2022-11-18 03:00:00+00:00,2022-12-05 16:16:44+00:00,,1389.0,,6,0.00,0.00,0.00
362,2022-11-18 03:00:00+00:00,2022-12-05 16:16:44+00:00,,1391.0,,6,1.00,31.00,3100.00
363,2022-11-18 03:00:00+00:00,2022-12-05 16:16:44+00:00,,689.0,,7,27.00,0.00,0.00
364,2022-11-18 03:00:00+00:00,2022-12-05 16:16:44+00:00,,691.0,,7,332.00,0.00,0.00
365,2022-11-18 03:00:00+00:00,2022-12-05 16:16:44+00:00,,1398.0,,8,440.00,0.00,0.00
366,2022-11-18 03:00:00+00:00,2022-12-05 16:16:44+00:00,,,49.0,9,416.00,420.00,100.96
367,2022-11-18 03:00:00+00:00,2022-12-05 16:16:44+00:00,,1393.0,,10,440.00,190.00,43.18
368,2022-11-18 03:00:00+00:00,2022-11-18 03:00:00+00:00,,1453.0,,11,,,
369,2022-11-19 03:00:00+00:00,2022-12-05 16:16:48+00:00,,533.0,,5,151.00,94.00,62.25
370,2022-11-19 03:00:00+00:00,2022-12-05 16:16:48+00:00,,2039.0,,5,24.00,50.00,208.33
371,2022-11-19 03:00:00+00:00,2022-12-05 16:16:49+00:00,,2040.0,,5,368.00,48.00,13.04
372,2022-11-19 03:00:00+00:00,2022-12-05 16:16:49+00:00,,2064.0,,5,13.00,0.00,0.00
373,2022-11-19 03:00:00+00:00,2022-12-05 16:16:49+00:00,,2096.0,,5,317.00,0.00,0.00
374,2022-11-19 03:00:00+00:00,2022-12-05 16:16:49+00:00,,2099.0,,5,172.00,100.00,58.14
375,2022-11-19 03:00:00+00:00,2022-12-05 16:16:49+00:00,,2115.0,,5,343.00,200.00,58.31
376,2022-11-19 03:00:00+00:00,2022-12-05 16:16:49+00:00,,,59.0,5,48.00,102.00,212.50
377,2022-11-19 03:00:00+00:00,2022-12-05 16:16:49+00:00,,,31.0,5,149.00,8.00,5.37
378,2022-11-19 03:00:00+00:00,2022-12-05 16:16:49+00:00,,,60.0,5,169.00,200.00,118.34
379,2022-11-19 03:00:00+00:00,2022-12-05 16:16:49+00:00,,1388.0,,6,440.00,400.00,90.91
380,2022-11-19 03:00:00+00:00,2022-12-05 16:16:49+00:00,,689.0,,7,135.00,180.00,133.33
381,2022-11-19 03:00:00+00:00,2022-12-05 16:16:49+00:00,,690.0,,7,223.00,405.00,181.61
382,2022-11-19 03:00:00+00:00,2022-12-05 16:16:49+00:00,,691.0,,7,0.00,0.00,0.00
383,2022-11-19 03:00:00+00:00,2022-12-05 16:16:49+00:00,,1398.0,,8,440.00,0.00,0.00
384,2022-11-19 03:00:00+00:00,2022-12-05 16:16:49+00:00,,,49.0,9,416.00,0.00,0.00
385,2022-11-19 03:00:00+00:00,2022-12-05 16:16:49+00:00,,1393.0,,10,440.00,0.00,0.00
386,2022-11-19 03:00:00+00:00,2022-11-19 03:00:00+00:00,,1453.0,,11,,,
387,2022-11-20 03:00:00+00:00,2022-12-05 16:16:52+00:00,,,31.0,5,880.00,0.00,0.00
388,2022-11-20 03:00:00+00:00,2022-12-05 16:16:52+00:00,,,60.0,5,880.00,0.00,0.00
389,2022-11-20 03:00:00+00:00,2022-12-05 16:16:52+00:00,,1388.0,,6,440.00,0.00,0.00
390,2022-11-20 03:00:00+00:00,2022-12-05 16:16:52+00:00,,689.0,,7,360.00,0.00,0.00
391,2022-11-20 03:00:00+00:00,2022-12-05 16:16:52+00:00,,1398.0,,8,440.00,0.00,0.00
392,2022-11-20 03:00:00+00:00,2022-12-05 16:16:52+00:00,,,49.0,9,416.00,0.00,0.00
393,2022-11-20 03:00:00+00:00,2022-12-05 16:16:52+00:00,,1393.0,,10,440.00,0.00,0.00
394,2022-11-20 03:00:00+00:00,2022-12-05 16:16:52+00:00,,1453.0,,11,264.00,0.00,0.00
395,2022-11-21 03:00:00+00:00,2022-12-05 16:16:57+00:00,,2071.0,,5,336.00,101.00,30.06
396,2022-11-21 03:00:00+00:00,2022-12-05 16:16:57+00:00,,2113.0,,5,598.00,220.00,36.79
397,2022-11-21 03:00:00+00:00,2022-12-05 16:16:57+00:00,,2129.0,,5,37.00,0.00,0.00
398,2022-11-21 03:00:00+00:00,2022-12-05 16:16:57+00:00,,2147.0,,5,0.00,192.00,0.00
399,2022-11-21 03:00:00+00:00,2022-12-05 16:16:57+00:00,,2146.0,,5,107.00,0.00,0.00
400,2022-11-21 03:00:00+00:00,2022-12-05 16:16:57+00:00,,,31.0,5,141.00,0.00,0.00
401,2022-11-21 03:00:00+00:00,2022-12-05 16:16:57+00:00,,,60.0,5,396.00,191.00,48.23
402,2022-11-21 03:00:00+00:00,2022-12-05 16:16:57+00:00,,1388.0,,6,440.00,120.00,27.27
403,2022-11-21 03:00:00+00:00,2022-12-05 16:16:57+00:00,,688.0,,7,0.00,30.00,0.00
404,2022-11-21 03:00:00+00:00,2022-12-05 16:16:57+00:00,,689.0,,7,154.00,8.00,5.19
405,2022-11-21 03:00:00+00:00,2022-12-05 16:16:57+00:00,,692.0,,7,205.00,391.00,190.73
406,2022-11-21 03:00:00+00:00,2022-12-05 16:16:57+00:00,,1398.0,,8,440.00,253.00,57.50
407,2022-11-21 03:00:00+00:00,2022-12-05 16:16:57+00:00,,,49.0,9,416.00,351.00,84.38
408,2022-11-21 03:00:00+00:00,2022-12-05 16:16:57+00:00,,1393.0,,10,440.00,330.00,75.00
409,2022-11-21 03:00:00+00:00,2022-12-05 16:16:57+00:00,,1453.0,,11,107.00,0.00,0.00
410,2022-11-21 03:00:00+00:00,2022-12-05 16:16:57+00:00,,,61.0,11,213.00,0.00,0.00
411,2022-11-22 03:00:00+00:00,2022-12-05 16:17:01+00:00,,2054.0,,5,156.00,0.00,0.00
412,2022-11-22 03:00:00+00:00,2022-12-05 16:17:01+00:00,,2113.0,,5,0.00,30.00,0.00
413,2022-11-22 03:00:00+00:00,2022-12-05 16:17:01+00:00,,2116.0,,5,615.00,103.00,16.75
414,2022-11-22 03:00:00+00:00,2022-12-05 16:17:01+00:00,,2129.0,,5,526.00,0.00,0.00
415,2022-11-22 03:00:00+00:00,2022-12-05 16:17:01+00:00,,2147.0,,5,0.00,0.00,0.00
416,2022-11-22 03:00:00+00:00,2022-12-05 16:17:01+00:00,,2146.0,,5,352.00,0.00,0.00
417,2022-11-22 03:00:00+00:00,2022-12-05 16:17:01+00:00,,1386.0,,6,38.00,0.00,0.00
418,2022-11-22 03:00:00+00:00,2022-12-05 16:17:01+00:00,,1387.0,,6,262.00,0.00,0.00
419,2022-11-22 03:00:00+00:00,2022-12-05 16:17:01+00:00,,1388.0,,6,119.00,0.00,0.00
420,2022-11-22 03:00:00+00:00,2022-12-05 16:17:01+00:00,,1390.0,,6,17.00,40.00,235.29
421,2022-11-22 03:00:00+00:00,2022-12-05 16:17:01+00:00,,688.0,,7,353.00,530.00,150.14
422,2022-11-22 03:00:00+00:00,2022-12-05 16:17:01+00:00,,692.0,,7,5.00,56.00,1120.00
423,2022-11-22 03:00:00+00:00,2022-12-05 16:17:01+00:00,,1398.0,,8,440.00,280.00,63.64
424,2022-11-22 03:00:00+00:00,2022-12-05 16:17:01+00:00,,1456.0,,9,389.00,300.00,77.12
425,2022-11-22 03:00:00+00:00,2022-12-05 16:17:01+00:00,,,49.0,9,48.00,19.00,39.58
426,2022-11-22 03:00:00+00:00,2022-12-05 16:17:01+00:00,,1393.0,,10,440.00,360.00,81.82
427,2022-11-22 03:00:00+00:00,2022-12-05 16:17:02+00:00,,,61.0,11,360.00,0.00,0.00
428,2022-11-23 03:00:00+00:00,2022-12-05 16:17:06+00:00,,2051.0,,5,475.00,0.00,0.00
429,2022-11-23 03:00:00+00:00,2022-12-05 16:17:06+00:00,,2054.0,,5,183.00,100.00,54.64
430,2022-11-23 03:00:00+00:00,2022-12-05 16:17:06+00:00,,2096.0,,5,79.00,19.00,24.05
431,2022-11-23 03:00:00+00:00,2022-12-05 16:17:06+00:00,,2132.0,,5,220.00,99.00,45.00
432,2022-11-23 03:00:00+00:00,2022-12-05 16:17:06+00:00,,2146.0,,5,363.00,0.00,0.00
433,2022-11-23 03:00:00+00:00,2022-12-05 16:17:06+00:00,,2149.0,,5,96.00,0.00,0.00
434,2022-11-23 03:00:00+00:00,2022-12-05 16:17:06+00:00,,2200.0,,5,50.00,0.00,0.00
435,2022-11-23 03:00:00+00:00,2022-12-05 16:17:06+00:00,,,62.0,5,290.00,0.00,0.00
436,2022-11-23 03:00:00+00:00,2022-12-05 16:17:06+00:00,,1387.0,,6,6.00,0.00,0.00
437,2022-11-23 03:00:00+00:00,2022-12-05 16:17:06+00:00,,1390.0,,6,434.00,0.00,0.00
438,2022-11-23 03:00:00+00:00,2022-12-05 16:17:06+00:00,,688.0,,7,359.00,0.00,0.00
439,2022-11-23 03:00:00+00:00,2022-12-05 16:17:06+00:00,,692.0,,7,1.00,5.00,500.00
440,2022-11-23 03:00:00+00:00,2022-12-05 16:17:06+00:00,,1398.0,,8,440.00,286.00,65.00
441,2022-11-23 03:00:00+00:00,2022-12-05 16:17:06+00:00,,1456.0,,9,440.00,410.00,93.18
442,2022-11-23 03:00:00+00:00,2022-12-05 16:17:06+00:00,,1393.0,,10,265.00,189.00,71.32
443,2022-11-23 03:00:00+00:00,2022-12-05 16:17:06+00:00,,1392.0,,10,174.00,245.00,140.80
444,2022-11-23 03:00:00+00:00,2022-12-05 16:17:06+00:00,,,61.0,11,360.00,0.00,0.00
445,2022-11-24 03:00:00+00:00,2022-12-05 16:17:09+00:00,,2032.0,,5,77.00,0.00,0.00
446,2022-11-24 03:00:00+00:00,2022-12-05 16:17:09+00:00,,2051.0,,5,176.00,5.00,2.84
447,2022-11-24 03:00:00+00:00,2022-12-05 16:17:09+00:00,,2169.0,,5,678.00,680.00,100.29
448,2022-11-24 03:00:00+00:00,2022-12-05 16:17:09+00:00,,2200.0,,5,801.00,80.00,9.99
449,2022-11-24 03:00:00+00:00,2022-12-05 16:17:09+00:00,,1390.0,,6,440.00,407.00,92.50
450,2022-11-24 03:00:00+00:00,2022-12-05 16:17:09+00:00,,688.0,,7,360.00,0.00,0.00
451,2022-11-24 03:00:00+00:00,2022-12-05 16:17:09+00:00,,1398.0,,8,440.00,0.00,0.00
452,2022-11-24 03:00:00+00:00,2022-12-05 16:17:09+00:00,,1456.0,,9,440.00,0.00,0.00
453,2022-11-24 03:00:00+00:00,2022-11-24 03:00:00+00:00,,1392.0,,10,,,
454,2022-11-24 03:00:00+00:00,2022-11-24 03:00:00+00:00,,,61.0,11,,,
455,2022-11-25 03:00:00+00:00,2022-12-05 16:17:14+00:00,,2032.0,,5,79.00,0.00,0.00
456,2022-11-25 03:00:00+00:00,2022-12-05 16:17:14+00:00,,2033.0,,5,283.00,50.00,17.67
457,2022-11-25 03:00:00+00:00,2022-12-05 16:17:14+00:00,,2051.0,,5,151.00,115.00,76.16
458,2022-11-25 03:00:00+00:00,2022-12-05 16:17:14+00:00,,2169.0,,5,394.00,0.00,0.00
459,2022-11-25 03:00:00+00:00,2022-12-05 16:17:14+00:00,,2225.0,,5,172.00,105.00,61.05
460,2022-11-25 03:00:00+00:00,2022-12-05 16:17:14+00:00,,2226.0,,5,345.00,152.00,44.06
461,2022-11-25 03:00:00+00:00,2022-12-05 16:17:14+00:00,,2228.0,,5,330.00,217.00,65.76
462,2022-11-25 03:00:00+00:00,2022-12-05 16:17:14+00:00,,1390.0,,6,357.00,300.00,84.03
463,2022-11-25 03:00:00+00:00,2022-12-05 16:17:14+00:00,,1391.0,,6,83.00,122.00,146.99
464,2022-11-25 03:00:00+00:00,2022-12-05 16:17:14+00:00,,688.0,,7,360.00,0.00,0.00
465,2022-11-25 03:00:00+00:00,2022-12-05 16:17:14+00:00,,1398.0,,8,59.00,35.00,59.32
466,2022-11-25 03:00:00+00:00,2022-12-05 16:17:14+00:00,,1399.0,,8,378.00,297.00,78.57
467,2022-11-25 03:00:00+00:00,2022-12-05 16:17:14+00:00,,1455.0,,9,338.00,394.00,116.57
468,2022-11-25 03:00:00+00:00,2022-12-05 16:17:14+00:00,,1456.0,,9,97.00,106.00,109.28
469,2022-11-25 03:00:00+00:00,2022-12-05 16:17:14+00:00,,1392.0,,10,600.00,0.00,0.00
470,2022-11-25 03:00:00+00:00,2022-12-05 16:17:14+00:00,,,63.0,11,0.00,0.00,0.00
471,2022-11-25 03:00:00+00:00,2022-12-05 16:17:14+00:00,,,61.0,11,68.00,0.00,0.00
472,2022-11-25 03:00:00+00:00,2022-11-25 03:00:00+00:00,,,64.0,11,,,
473,2022-11-25 03:00:00+00:00,2022-11-25 03:00:00+00:00,,,65.0,11,,,
474,2022-11-26 03:00:00+00:00,2022-12-05 16:17:19+00:00,,2140.0,,5,379.00,33.00,8.71
475,2022-11-26 03:00:00+00:00,2022-12-05 16:17:19+00:00,,2139.0,,5,64.00,50.00,78.13
476,2022-11-26 03:00:00+00:00,2022-12-05 16:17:19+00:00,,2169.0,,5,880.00,0.00,0.00
477,2022-11-26 03:00:00+00:00,2022-12-05 16:17:19+00:00,,2225.0,,5,336.00,147.00,43.75
478,2022-11-26 03:00:00+00:00,2022-12-05 16:17:19+00:00,,2227.0,,5,94.00,102.00,108.51
479,2022-11-26 03:00:00+00:00,2022-12-05 16:17:19+00:00,,2228.0,,5,2.00,35.00,1750.00
480,2022-11-26 03:00:00+00:00,2022-12-05 16:17:19+00:00,,1390.0,,6,7.00,71.00,1014.29
481,2022-11-26 03:00:00+00:00,2022-12-05 16:17:19+00:00,,1391.0,,6,431.00,359.00,83.29
482,2022-11-26 03:00:00+00:00,2022-12-05 16:17:19+00:00,,688.0,,7,360.00,570.00,158.33
483,2022-11-26 03:00:00+00:00,2022-12-05 16:17:19+00:00,,1399.0,,8,440.00,334.00,75.91
484,2022-11-26 03:00:00+00:00,2022-12-05 16:17:20+00:00,,1455.0,,9,351.00,162.00,46.15
485,2022-11-26 03:00:00+00:00,2022-12-05 16:17:20+00:00,,,49.0,9,82.00,234.00,285.37
486,2022-11-26 03:00:00+00:00,2022-12-05 16:17:20+00:00,,1393.0,,10,300.00,0.00,0.00
487,2022-11-26 03:00:00+00:00,2022-12-05 16:17:20+00:00,,1392.0,,10,300.00,0.00,0.00
488,2022-11-26 03:00:00+00:00,2022-12-05 16:17:20+00:00,,,65.0,11,105.00,30.00,28.57
489,2022-11-26 03:00:00+00:00,2022-12-05 16:17:20+00:00,,,66.0,11,160.00,30.00,18.75
490,2022-11-27 03:00:00+00:00,2022-12-05 16:17:22+00:00,,2140.0,,5,880.00,0.00,0.00
491,2022-11-27 03:00:00+00:00,2022-12-05 16:17:22+00:00,,2169.0,,5,880.00,0.00,0.00
492,2022-11-27 03:00:00+00:00,2022-12-05 16:17:23+00:00,,1390.0,,6,440.00,0.00,0.00
493,2022-11-27 03:00:00+00:00,2022-12-05 16:17:23+00:00,,688.0,,7,360.00,0.00,0.00
494,2022-11-27 03:00:00+00:00,2022-12-05 16:17:23+00:00,,1399.0,,8,440.00,0.00,0.00
495,2022-11-27 03:00:00+00:00,2022-12-05 16:17:23+00:00,,,49.0,9,416.00,0.00,0.00
496,2022-11-27 03:00:00+00:00,2022-12-05 16:17:23+00:00,,1393.0,,10,600.00,0.00,0.00
497,2022-11-27 03:00:00+00:00,2022-12-05 16:17:23+00:00,,,65.0,11,264.00,0.00,0.00
498,2022-11-28 03:00:00+00:00,2022-12-05 16:17:26+00:00,,2140.0,,5,880.00,0.00,0.00
499,2022-11-28 03:00:00+00:00,2022-12-05 16:17:26+00:00,,2169.0,,5,880.00,1023.00,116.25
500,2022-11-28 03:00:00+00:00,2022-12-05 16:17:26+00:00,,1390.0,,6,3.00,0.00,0.00
501,2022-11-28 03:00:00+00:00,2022-12-05 16:17:26+00:00,,1391.0,,6,436.00,400.00,91.74
502,2022-11-28 03:00:00+00:00,2022-12-05 16:17:26+00:00,,688.0,,7,360.00,382.00,106.11
503,2022-11-28 03:00:00+00:00,2022-12-05 16:17:26+00:00,,1399.0,,8,440.00,338.00,76.82
504,2022-11-28 03:00:00+00:00,2022-12-05 16:17:26+00:00,,,49.0,9,416.00,400.00,96.15
505,2022-11-28 03:00:00+00:00,2022-12-05 16:17:26+00:00,,1393.0,,10,600.00,460.00,76.67
506,2022-11-28 03:00:00+00:00,2022-12-05 16:17:26+00:00,,,65.0,11,264.00,0.00,0.00
507,2022-11-29 03:00:00+00:00,2022-12-05 16:17:29+00:00,,2140.0,,5,363.00,0.00,0.00
508,2022-11-29 03:00:00+00:00,2022-12-05 16:17:29+00:00,,2169.0,,5,880.00,626.00,71.14
509,2022-11-29 03:00:00+00:00,2022-12-05 16:17:29+00:00,,2231.0,,5,277.00,100.00,36.10
510,2022-11-29 03:00:00+00:00,2022-12-05 16:17:29+00:00,,2273.0,,5,238.00,240.00,100.84
511,2022-11-29 03:00:00+00:00,2022-12-05 16:17:29+00:00,,1386.0,,6,0.00,12.00,0.00
512,2022-11-29 03:00:00+00:00,2022-12-05 16:17:30+00:00,,1387.0,,6,2.00,0.00,0.00
513,2022-11-29 03:00:00+00:00,2022-12-05 16:17:30+00:00,,1390.0,,6,0.00,0.00,0.00
514,2022-11-29 03:00:00+00:00,2022-12-05 16:17:30+00:00,,1391.0,,6,436.00,0.00,0.00
515,2022-11-29 03:00:00+00:00,2022-12-05 16:17:30+00:00,,1674.0,,7,242.00,0.00,0.00
516,2022-11-29 03:00:00+00:00,2022-12-05 16:17:30+00:00,,688.0,,7,107.00,0.00,0.00
517,2022-11-29 03:00:00+00:00,2022-12-05 16:17:30+00:00,,692.0,,7,348.00,0.00,0.00
518,2022-11-29 03:00:00+00:00,2022-12-05 16:17:30+00:00,,1399.0,,8,440.00,0.00,0.00
519,2022-11-29 03:00:00+00:00,2022-12-05 16:17:30+00:00,,,49.0,9,416.00,0.00,0.00
520,2022-11-29 03:00:00+00:00,2022-12-05 16:17:30+00:00,,1393.0,,10,600.00,0.00,0.00
521,2022-11-29 03:00:00+00:00,2022-12-05 16:17:30+00:00,,,65.0,11,264.00,0.00,0.00
522,2022-11-30 03:00:00+00:00,2022-12-05 16:17:34+00:00,,2169.0,,5,745.00,14.00,1.88
523,2022-11-30 03:00:00+00:00,2022-12-05 16:17:34+00:00,,2174.0,,5,244.00,450.00,184.43
524,2022-11-30 03:00:00+00:00,2022-12-05 16:17:35+00:00,,2273.0,,5,155.00,9.00,5.81
525,2022-11-30 03:00:00+00:00,2022-12-05 16:17:35+00:00,,2274.0,,5,284.00,101.00,35.56
526,2022-11-30 03:00:00+00:00,2022-12-05 16:17:35+00:00,,2275.0,,5,324.00,251.00,77.47
527,2022-11-30 03:00:00+00:00,2022-12-05 16:17:35+00:00,,1387.0,,6,5.00,0.00,0.00
528,2022-11-30 03:00:00+00:00,2022-12-05 16:17:35+00:00,,1388.0,,6,6.00,53.00,883.33
529,2022-11-30 03:00:00+00:00,2022-12-05 16:17:35+00:00,,1389.0,,6,0.00,12.00,0.00
530,2022-11-30 03:00:00+00:00,2022-12-05 16:17:35+00:00,,1391.0,,6,427.00,269.00,63.00
531,2022-11-30 03:00:00+00:00,2022-12-05 16:17:35+00:00,,1673.0,,7,191.00,0.00,0.00
532,2022-11-30 03:00:00+00:00,2022-12-05 16:17:35+00:00,,1674.0,,7,151.00,0.00,0.00
533,2022-11-30 03:00:00+00:00,2022-12-05 16:17:35+00:00,,1398.0,,8,0.00,0.00,0.00
534,2022-11-30 03:00:00+00:00,2022-12-05 16:17:35+00:00,,1399.0,,8,439.00,0.00,0.00
535,2022-11-30 03:00:00+00:00,2022-12-05 16:17:35+00:00,,,49.0,9,416.00,0.00,0.00
536,2022-11-30 03:00:00+00:00,2022-12-05 16:17:35+00:00,,1393.0,,10,595.00,0.00,0.00
537,2022-11-30 03:00:00+00:00,2022-12-05 16:17:35+00:00,,1392.0,,10,3.00,123.00,4100.00
538,2022-11-30 03:00:00+00:00,2022-12-05 16:17:35+00:00,,,65.0,11,264.00,0.00,0.00
539,2022-12-01 03:00:00+00:00,2022-12-05 16:17:39+00:00,,2169.0,,5,880.00,50.00,5.68
540,2022-12-01 03:00:00+00:00,2022-12-05 16:17:39+00:00,,2174.0,,5,435.00,150.00,34.48
541,2022-12-01 03:00:00+00:00,2022-12-05 16:17:39+00:00,,2175.0,,5,444.00,574.00,129.28
542,2022-12-01 03:00:00+00:00,2022-12-05 16:17:39+00:00,,1391.0,,6,55.00,0.00,0.00
543,2022-12-01 03:00:00+00:00,2022-12-05 16:17:39+00:00,,1350.0,,6,768.00,460.00,59.90
544,2022-12-01 03:00:00+00:00,2022-12-05 16:17:39+00:00,,1673.0,,7,2.00,101.00,5050.00
545,2022-12-01 03:00:00+00:00,2022-12-05 16:17:39+00:00,,1674.0,,7,339.00,147.00,43.36
546,2022-12-01 03:00:00+00:00,2022-12-05 16:17:39+00:00,,1398.0,,8,0.00,15.00,0.00
547,2022-12-01 03:00:00+00:00,2022-12-05 16:17:39+00:00,,1399.0,,8,438.00,344.00,78.54
548,2022-12-01 03:00:00+00:00,2022-12-05 16:17:39+00:00,,,49.0,9,416.00,0.00,0.00
549,2022-12-01 03:00:00+00:00,2022-12-01 03:00:00+00:00,,1393.0,,10,,,
550,2022-12-01 03:00:00+00:00,2022-12-01 03:00:00+00:00,,,65.0,11,,,
551,2022-12-02 03:00:00+00:00,2022-12-05 16:17:44+00:00,,2169.0,,5,523.00,65.00,12.43
552,2022-12-02 03:00:00+00:00,2022-12-05 16:17:44+00:00,,2173.0,,5,33.00,100.00,303.03
553,2022-12-02 03:00:00+00:00,2022-12-05 16:17:44+00:00,,2175.0,,5,421.00,2.00,0.48
554,2022-12-02 03:00:00+00:00,2022-12-05 16:17:44+00:00,,2220.0,,5,224.00,70.00,31.25
555,2022-12-02 03:00:00+00:00,2022-12-05 16:17:44+00:00,,2251.0,,5,321.00,249.00,77.57
556,2022-12-02 03:00:00+00:00,2022-12-05 16:17:44+00:00,,2267.0,,5,231.00,256.00,110.82
557,2022-12-02 03:00:00+00:00,2022-12-05 16:17:44+00:00,,1350.0,,6,880.00,550.00,62.50
558,2022-12-02 03:00:00+00:00,2022-12-05 16:17:44+00:00,,1673.0,,7,9.00,40.00,444.44
559,2022-12-02 03:00:00+00:00,2022-12-05 16:17:44+00:00,,1674.0,,7,334.00,324.00,97.01
560,2022-12-02 03:00:00+00:00,2022-12-05 16:17:44+00:00,,1399.0,,8,48.00,0.00,0.00
561,2022-12-02 03:00:00+00:00,2022-12-05 16:17:44+00:00,,,67.0,8,392.00,0.00,0.00
562,2022-12-02 03:00:00+00:00,2022-12-05 16:17:44+00:00,,1455.0,,9,0.00,0.00,0.00
563,2022-12-02 03:00:00+00:00,2022-12-05 16:17:44+00:00,,1456.0,,9,0.00,0.00,0.00
564,2022-12-02 03:00:00+00:00,2022-12-05 16:17:44+00:00,,,49.0,9,414.00,0.00,0.00
565,2022-12-02 03:00:00+00:00,2022-12-05 16:17:44+00:00,,1393.0,,10,447.00,0.00,0.00
566,2022-12-02 03:00:00+00:00,2022-12-05 16:17:45+00:00,,1392.0,,10,151.00,0.00,0.00
567,2022-12-02 03:00:00+00:00,2022-12-05 16:17:45+00:00,,,65.0,11,264.00,0.00,0.00
568,2022-12-03 03:00:00+00:00,2022-12-05 16:17:48+00:00,,2173.0,,5,715.00,479.00,66.99
569,2022-12-03 03:00:00+00:00,2022-12-05 16:17:48+00:00,,2175.0,,5,11.00,24.00,218.18
570,2022-12-03 03:00:00+00:00,2022-12-05 16:17:48+00:00,,2220.0,,5,634.00,21.00,3.31
571,2022-12-03 03:00:00+00:00,2022-12-05 16:17:48+00:00,,2224.0,,5,0.00,50.00,0.00
572,2022-12-03 03:00:00+00:00,2022-12-05 16:17:48+00:00,,2265.0,,5,163.00,145.00,88.96
573,2022-12-03 03:00:00+00:00,2022-12-05 16:17:48+00:00,,1350.0,,6,436.00,225.00,51.61
574,2022-12-03 03:00:00+00:00,2022-12-05 16:17:48+00:00,,1355.0,,6,440.00,350.00,79.55
575,2022-12-03 03:00:00+00:00,2022-12-05 16:17:48+00:00,,1673.0,,7,1.00,22.00,2200.00
576,2022-12-03 03:00:00+00:00,2022-12-05 16:17:49+00:00,,1674.0,,7,342.00,0.00,0.00
577,2022-12-03 03:00:00+00:00,2022-12-05 16:17:49+00:00,,,67.0,8,440.00,0.00,0.00
578,2022-12-03 03:00:00+00:00,2022-12-03 03:00:00+00:00,,1455.0,,9,,,
579,2022-12-03 03:00:00+00:00,2022-12-03 03:00:00+00:00,,,49.0,9,,,
580,2022-12-03 03:00:00+00:00,2022-12-03 03:00:00+00:00,,1392.0,,10,,,
581,2022-12-03 03:00:00+00:00,2022-12-03 03:00:00+00:00,,,65.0,11,,,
582,2022-12-04 03:00:00+00:00,2022-12-05 16:17:54+00:00,,1759.0,,5,147.00,0.00,0.00
583,2022-12-04 03:00:00+00:00,2022-12-05 16:17:54+00:00,,2173.0,,5,6.00,0.00,0.00
584,2022-12-04 03:00:00+00:00,2022-12-05 16:17:54+00:00,,2224.0,,5,0.00,10.00,0.00
585,2022-12-04 03:00:00+00:00,2022-12-05 16:17:54+00:00,,2250.0,,5,595.00,223.00,37.48
586,2022-12-04 03:00:00+00:00,2022-12-05 16:17:54+00:00,,2252.0,,5,132.00,0.00,0.00
587,2022-12-04 03:00:00+00:00,2022-12-05 16:17:54+00:00,,2265.0,,5,523.00,111.00,21.22
588,2022-12-04 03:00:00+00:00,2022-12-05 16:17:54+00:00,,2266.0,,5,215.00,256.00,119.07
589,2022-12-04 03:00:00+00:00,2022-12-05 16:17:54+00:00,,1352.0,,6,251.00,113.00,45.02
590,2022-12-04 03:00:00+00:00,2022-12-05 16:17:54+00:00,,1355.0,,6,629.00,303.00,48.17
591,2022-12-04 03:00:00+00:00,2022-12-05 16:17:54+00:00,,1343.0,,7,497.00,325.00,65.39
592,2022-12-04 03:00:00+00:00,2022-12-05 16:17:54+00:00,,1674.0,,7,144.00,44.00,30.56
593,2022-12-04 03:00:00+00:00,2022-12-05 16:17:54+00:00,,688.0,,7,3.00,14.00,466.67
594,2022-12-04 03:00:00+00:00,2022-12-05 16:17:54+00:00,,,67.0,8,440.00,364.00,82.73
595,2022-12-04 03:00:00+00:00,2022-12-05 16:17:54+00:00,,,49.0,9,416.00,0.00,0.00
596,2022-12-04 03:00:00+00:00,2022-12-05 16:17:54+00:00,,1392.0,,10,600.00,690.00,115.00
597,2022-12-04 03:00:00+00:00,2022-12-04 03:00:00+00:00,,,65.0,11,,,
598,2022-12-05 17:00:01+00:00,2022-12-05 22:00:09+00:00,,1759.0,,5,147.00,103.00,70.07
599,2022-12-05 17:00:02+00:00,2022-12-05 22:00:09+00:00,,2173.0,,5,6.00,0.00,0.00
600,2022-12-05 17:00:02+00:00,2022-12-05 22:00:09+00:00,,2224.0,,5,0.00,10.00,0.00
601,2022-12-05 17:00:02+00:00,2022-12-05 22:00:09+00:00,,2250.0,,5,595.00,223.00,37.48
602,2022-12-05 17:00:02+00:00,2022-12-05 22:00:09+00:00,,2252.0,,5,132.00,223.00,168.94
603,2022-12-05 17:00:02+00:00,2022-12-05 22:00:09+00:00,,2265.0,,5,523.00,111.00,21.22
604,2022-12-05 17:00:02+00:00,2022-12-05 22:00:09+00:00,,2266.0,,5,215.00,256.00,119.07
605,2022-12-05 17:00:03+00:00,2022-12-05 22:00:09+00:00,,1352.0,,6,251.00,113.00,45.02
606,2022-12-05 17:00:03+00:00,2022-12-05 22:00:09+00:00,,1355.0,,6,629.00,303.00,48.17
607,2022-12-05 17:00:03+00:00,2022-12-05 22:00:09+00:00,,1343.0,,7,497.00,325.00,65.39
608,2022-12-05 17:00:03+00:00,2022-12-05 22:00:09+00:00,,1674.0,,7,144.00,44.00,30.56
609,2022-12-05 17:00:03+00:00,2022-12-05 22:00:09+00:00,,688.0,,7,3.00,14.00,466.67
610,2022-12-05 17:00:03+00:00,2022-12-05 22:00:09+00:00,,,67.0,8,440.00,364.00,82.73
611,2022-12-05 17:00:03+00:00,2022-12-05 22:00:09+00:00,,,49.0,9,416.00,406.00,97.60
612,2022-12-05 17:00:03+00:00,2022-12-05 22:00:09+00:00,,1392.0,,10,600.00,690.00,115.00
613,2022-12-05 17:00:04+00:00,2022-12-05 22:00:09+00:00,,,65.0,11,264.00,0.00,0.00
614,2022-12-06 07:00:03+00:00,2022-12-06 07:00:03+00:00,,1759.0,,5,,,
615,2022-12-06 07:00:04+00:00,2022-12-06 07:00:04+00:00,,2173.0,,5,,,
616,2022-12-06 07:00:04+00:00,2022-12-06 07:00:04+00:00,,1352.0,,6,,,
617,2022-12-06 07:00:04+00:00,2022-12-06 07:00:04+00:00,,1343.0,,7,,,
618,2022-12-06 07:00:04+00:00,2022-12-06 07:00:04+00:00,,,67.0,8,,,
619,2022-12-06 07:00:04+00:00,2022-12-06 07:00:04+00:00,,,49.0,9,,,
620,2022-12-06 07:00:04+00:00,2022-12-06 07:00:04+00:00,,1392.0,,10,,,
621,2022-12-06 07:00:04+00:00,2022-12-06 07:00:04+00:00,,,65.0,11,,,
622,2022-12-06 08:00:02+00:00,2022-12-06 08:00:02+00:00,,2252.0,,5,,,
623,2022-12-06 09:00:03+00:00,2022-12-06 09:00:03+00:00,,2253.0,,5,,,
