id,name,qrcode,created_at,updated_at,deleted_at,buyer_name,style_name
1,1666975234DH1079,38056,2022-10-22 03:00:00+00:00,2022-10-22 03:00:00+00:00,,PO 38056 GODDESS,PO38056 Shade Goddess_DK_Violet
2,PO38046SAND,38046,2022-10-22 03:00:00+00:00,2022-10-22 03:00:00+00:00,,SA,PO 38046 Charter Hat Sand
3,PO38050ROL_TAN,38050,2022-10-22 03:00:00+00:00,2022-10-22 03:00:00+00:00,,SA,PO38050 Kids Clear Creek Boonie
4,PO38055_ULTR_PUMI,38055,2022-10-22 03:00:00+00:00,2022-10-22 03:00:00+00:00,,SA,PO38056_Ultra adventure Pumice
5,,38047,2022-10-24 03:00:00+00:00,2022-10-24 03:00:00+00:00,,,
6,,DYC220608,2022-10-25 03:00:00+00:00,2022-10-25 03:00:00+00:00,,,
7,,220519GCRCCP,2022-10-26 03:00:00+00:00,2022-10-26 03:00:00+00:00,,,
8,,CZ68220615DKGREEN,2022-10-27 03:00:00+00:00,2022-10-27 03:00:00+00:00,,,
9,DYC220818BOSWHALER,DYC220818BOSWHALER,2022-10-27 03:00:00+00:00,2022-10-27 03:00:00+00:00,,DYC_US_220818,DYC US 220818 Boston Whaler
10,DYC220828MONBARTH62505,DYC220828MONBARTH625,2022-10-27 03:00:00+00:00,2022-10-27 03:00:00+00:00,,DYC_US_220828,DYC US 220828 Monbarth 625 05
11,,DYC220828WallyCast04,2022-10-27 03:00:00+00:00,2022-10-27 03:00:00+00:00,,,
12,,DYC220913LONA,2022-10-27 03:00:00+00:00,2022-10-27 03:00:00+00:00,,,
13,,DYC220928LEGENDMARIN,2022-10-27 03:00:00+00:00,2022-10-27 03:00:00+00:00,,,
14,,HM220908WYSSEN,2022-10-27 03:00:00+00:00,2022-10-27 03:00:00+00:00,,,
15,,HM220929LADWIGFLEX,2022-10-27 03:00:00+00:00,2022-10-27 03:00:00+00:00,,,
16,PO38046OPAL,38046GODDESS,2022-10-27 03:00:00+00:00,2022-10-27 03:00:00+00:00,,SA,PO38046 SHADE GODDESS OPAL
17,PO38053_BLUE_SM,PO38053BLUESM,2022-10-27 03:00:00+00:00,2022-10-27 03:00:00+00:00,,SA,PO38053 SUN GUIDE CAP B_STONE SM
18,PO38053_Bluestone_ML,PO38053BluestoneML,2022-10-27 03:00:00+00:00,2022-10-27 03:00:00+00:00,,SA,PO38053 SUN GUIDE BLUE ML
19,,1664698449DH1927,2022-10-28 03:00:00+00:00,2022-10-28 03:00:00+00:00,,,
20,,1664707756DH1932,2022-10-28 03:00:00+00:00,2022-10-28 03:00:00+00:00,,,
21,,1664783809DH1937,2022-10-28 03:00:00+00:00,2022-10-28 03:00:00+00:00,,,
22,,BEX210808PO477,2022-10-28 03:00:00+00:00,2022-10-28 03:00:00+00:00,,,
23,,DYC220828MONBARTH06,2022-10-28 03:00:00+00:00,2022-10-28 03:00:00+00:00,,,
24,,220519GCRCCB,2022-10-28 03:00:00+00:00,2022-10-28 03:00:00+00:00,,,
25,,220519GCRCCF,2022-10-28 03:00:00+00:00,2022-10-28 03:00:00+00:00,,,
26,,220519PYNIMLXL,2022-10-28 03:00:00+00:00,2022-10-28 03:00:00+00:00,,,
27,,220519CCLAVACAST,2022-10-28 03:00:00+00:00,2022-10-28 03:00:00+00:00,,,
28,S2A01392B34603,S2A01392B34603,2022-10-28 03:00:00+00:00,2022-10-28 03:00:00+00:00,,SA,PO 38055 Ultra Adventure Pumi M
29,1663043666DH1753,1663043666DH1753,2022-10-29 03:00:00+00:00,2022-10-29 03:00:00+00:00,,HM 220901 RB,HM220901RB
30,DYC_220927bility05,DYC220927bility05,2022-10-29 03:00:00+00:00,2022-10-29 03:00:00+00:00,,DYC,DYCAU220927What a bilityOpt0
31,DYC US 221004,DYCUS221004,2022-10-29 03:00:00+00:00,2022-10-29 03:00:00+00:00,,DYC US 221004,221004 Wor Ave Ya 646 Opt02
32,220519BCECCSM,220519BCECCSM,2022-10-29 03:00:00+00:00,2022-10-29 03:00:00+00:00,,CIE 220519 BC,CIE220519 BCV EliteC Shaw SM
33,220519BCVECLXL,220519BCVECLXL,2022-10-29 03:00:00+00:00,2022-10-29 03:00:00+00:00,,CIE 220519 BCHat,CIE220519 BCV Elite Sable LXL
34,220519BCVECSM,220519BCVECSM,2022-10-29 03:00:00+00:00,2022-10-29 03:00:00+00:00,,CIE 220519 BCHat,CIE 220519 BC CC Sable SM
35,,220828DH62503,2022-10-31 03:00:00+00:00,2022-10-31 03:00:00+00:00,,,
36,,P2A04501B33307,2022-10-31 03:00:00+00:00,2022-10-31 03:00:00+00:00,,,
37,1664783912DH1948,1664783912DH1948,2022-11-01 03:00:00+00:00,2022-11-01 03:00:00+00:00,,DYC_US_220818,DYCUS220828Monbarth625Opt13
38,1664787988DH1934,1664787988DH1934,2022-11-01 03:00:00+00:00,2022-11-01 03:00:00+00:00,,DYC_US_220901,DYCUS220901L Trans 627 OPT10
39,1664849640DH1945,1664849640DH1945,2022-11-02 03:00:00+00:00,2022-11-02 03:00:00+00:00,,DYC_US_220818,DYCUS220828Monbarth625Opt09
40,1665467571DH2016,1665467571DH2016,2022-11-02 03:00:00+00:00,2022-11-02 03:00:00+00:00,,DYC US 220919,DYCUS220919 Jeeps637 Opt01
41,1666975362DH1981,1666975362DH1981,2022-11-02 03:00:00+00:00,2022-11-02 03:00:00+00:00,,DYC US 221004,DYCUS221004E11even647Opt14
42,1666975234DH1081,S2C01549B51509,2022-11-02 03:00:00+00:00,2022-11-02 03:00:00+00:00,,PO 38056,SHADEGODES PO 38056 SALTWATER OS
43,1664358876DH1914,1664358876DH1914,2022-11-03 03:00:00+00:00,2022-11-03 03:00:00+00:00,,DYC CH1 220921,DYCCH1220921RebellionOpt01
44,1663033311DH1758,1663033311DH1758,2022-11-04 03:00:00+00:00,2022-11-04 03:00:00+00:00,,AD 220908 REDFILL,AD220908REDFILLS IR PATTERN
45,1664435372DH1915,1664435372DH1915,2022-11-04 03:00:00+00:00,2022-11-04 03:00:00+00:00,,DYC CH1 220921,DYCCH1220921RebellOpt 2 3 4
46,S2A07075B25603,S2A07075B25603,2022-11-04 03:00:00+00:00,2022-11-04 03:00:00+00:00,,SA,38053Sun Guide Sandstone SM
47,Rebellion Opt01,RebellionOpt01,2022-11-08 03:00:00+00:00,2022-11-08 03:00:00+00:00,,DYC CH1 220622 Rebellion Opt01,DYC CH1 220622 Rebellion Opt01
48,PO38046 CREAM SAND,PO38046CREAMSAND,2022-11-08 03:00:00+00:00,2022-11-08 03:00:00+00:00,,PO 38046 CHARTER,PO 38046 CHARTER CREAM L
49,1666975207DH882,S2A09016B22309,2022-11-08 03:00:00+00:00,2022-11-08 03:00:00+00:00,,SA,Charter Hat PO38046
50,1666975358DH1960,1960,2022-11-14 03:00:00+00:00,2022-11-14 03:00:00+00:00,,TTD 221004 HAYABU,TTD221004HAYABUSA CUP FINALIST
51,Le Carref Opt4,LeCarrefOpt4,2022-11-15 03:00:00+00:00,2022-11-15 03:00:00+00:00,,DYC CH1 220921,DYC CH1 220921 L Carre Opt4
52,TAQUERIA631,TAQUERIA631,2022-11-15 03:00:00+00:00,2022-11-15 03:00:00+00:00,,DYC US 220909,DYC US 220909 SANTA TAQUERIA 631
53,DYC  CH1 220926,DYCCH1220926,2022-11-16 03:00:00+00:00,2022-11-16 03:00:00+00:00,,CH1 220926 ST BENE PARTNERS,CH1 220926STO BENE PARTNERS
54,PO490 KLAF CAMO,PO490KLAFCAMO,2022-11-16 03:00:00+00:00,2022-11-16 03:00:00+00:00,,BEX210928 KLAF CAMO,BEX 210928 PO490 KLAF CAMO
55,PO 490 KLAFKYN NAVY,PO490KLAFKYNNAVY,2022-11-16 03:00:00+00:00,2022-11-16 03:00:00+00:00,,BEX210928 KLAF NAVY,BEX 210928 PO490 KLAF NAVY
56,PO 490 KLAFKYN WHEAT,PO490KLAFKYNWHEAT,2022-11-16 03:00:00+00:00,2022-11-16 03:00:00+00:00,,BEX210928 KLAF WHEAT,BEX 210928 PO490 KLAF WHEAT
57,PO490 KLAF OLD GOLD,PO490KLAFOLDGOLD,2022-11-16 03:00:00+00:00,2022-11-16 03:00:00+00:00,,BEX210928 K OLD GOLD,BEX 210928 PO490 KLAF OLD GOLD
58,Fari Verbier Opt02,FariVerbierOpt02,2022-11-18 03:00:00+00:00,2022-11-18 03:00:00+00:00,,DYC CH1 220913,CH1 220913 Fari Verbier Opt02
59,DANCEAREAGNEVA,DANCEAREAGNEVA,2022-11-19 03:00:00+00:00,2022-11-19 03:00:00+00:00,,DYC CH1 220926,DYC CH1 220926 DANCEAREAGNEVA
60,,DYCUS221102,2022-11-19 03:00:00+00:00,2022-11-19 03:00:00+00:00,,,
61,GCSHUI WH01,GCSHUIWH01,2022-11-21 03:00:00+00:00,2022-11-21 03:00:00+00:00,,CIE 220519,  Ultra Iconic Trooper
62,TIMBER DENIM,TIMBERDENIM,2022-11-23 03:00:00+00:00,2022-11-23 03:00:00+00:00,,BEX PO447 446,BEX PO447 446 TIMBER DENIM
63,GCSHUI FG01,GCSHUIFG01,2022-11-25 03:00:00+00:00,2022-11-25 03:00:00+00:00,,CIE 220519,  Ultra Iconic Acres
64,HIA BK01 S M,HIABK01SM,2022-11-25 03:00:00+00:00,2022-11-25 03:00:00+00:00,,CIE 220519,Athletics Mars One SM
65,HIA OC01 L XL,HIAOC01LXL,2022-11-25 03:00:00+00:00,2022-11-25 03:00:00+00:00,,CIE 220519,Athletics Sable LXL
66,HIA OL01 L XL,HIAOL01LXL,2022-11-26 03:00:00+00:00,2022-11-26 03:00:00+00:00,,CIE 220519,Athletics Cormon LXL
67,S2A07075B25604,S2A07075B25604,2022-12-02 03:00:00+00:00,2022-12-02 03:00:00+00:00,,38053 Sun Guide,38053Sun Guide CapSandstone LXL
